test_id,kappa,theta,sigma,rho,M,dt,method,time_ms,price
1,7.097240,0.477097,0.635685,-0.700000,100000,0.000010,Euler,286.281,0.250761
2,7.097240,0.477097,0.635685,-0.700000,100000,0.000010,Almost Exact,954.396,0.247240
3,7.097240,0.477097,0.635685,-0.700000,10000,0.000100,Euler,24.416,0.252882
4,7.097240,0.477097,0.635685,-0.700000,10000,0.000100,Almost Exact,122.583,0.251790
5,7.097240,0.477097,0.635685,-0.700000,5000,0.000200,Euler,13.798,0.251570
6,7.097240,0.477097,0.635685,-0.700000,5000,0.000200,Almost Exact,65.733,0.250549
7,7.097240,0.477097,0.635685,-0.700000,1000,0.001000,Euler,2.319,0.252075
8,7.097240,0.477097,0.635685,-0.700000,1000,0.001000,Almost Exact,23.357,0.239893
9,7.097240,0.477097,0.635685,-0.700000,300,0.003333,Euler,0.799,0.250788
10,7.097240,0.477097,0.635685,-0.700000,300,0.003333,Almost Exact,7.275,0.249606
11,7.097240,0.477097,0.635685,-0.700000,100,0.010000,Euler,0.251,0.251273
12,7.097240,0.477097,0.635685,-0.700000,100,0.010000,Almost Exact,2.632,0.256231
13,7.097240,0.477097,0.635685,-0.700000,60,0.016667,Euler,0.159,0.252481
14,7.097240,0.477097,0.635685,-0.700000,60,0.016667,Almost Exact,1.921,0.265619
15,7.097240,0.477097,0.635685,-0.700000,30,0.033333,Euler,0.089,0.252623
16,7.097240,0.477097,0.635685,-0.700000,30,0.033333,Almost Exact,1.420,0.282506
17,7.097240,0.477097,0.635685,-0.300000,100000,0.000010,Euler,261.795,0.252702
18,7.097240,0.477097,0.635685,-0.300000,100000,0.000010,Almost Exact,1198.721,0.253052
19,7.097240,0.477097,0.635685,-0.300000,10000,0.000100,Euler,25.974,0.252607
20,7.097240,0.477097,0.635685,-0.300000,10000,0.000100,Almost Exact,119.781,0.253070
21,7.097240,0.477097,0.635685,-0.300000,5000,0.000200,Euler,12.221,0.253021
22,7.097240,0.477097,0.635685,-0.300000,5000,0.000200,Almost Exact,65.648,0.253495
23,7.097240,0.477097,0.635685,-0.300000,1000,0.001000,Euler,2.325,0.253236
24,7.097240,0.477097,0.635685,-0.300000,1000,0.001000,Almost Exact,23.403,0.248969
25,7.097240,0.477097,0.635685,-0.300000,300,0.003333,Euler,0.799,0.252625
26,7.097240,0.477097,0.635685,-0.300000,300,0.003333,Almost Exact,6.866,0.251506
27,7.097240,0.477097,0.635685,-0.300000,100,0.010000,Euler,0.256,0.253168
28,7.097240,0.477097,0.635685,-0.300000,100,0.010000,Almost Exact,2.628,0.257366
29,7.097240,0.477097,0.635685,-0.300000,60,0.016667,Euler,0.161,0.252839
30,7.097240,0.477097,0.635685,-0.300000,60,0.016667,Almost Exact,1.924,0.260514
31,7.097240,0.477097,0.635685,-0.300000,30,0.033333,Euler,0.092,0.256167
32,7.097240,0.477097,0.635685,-0.300000,30,0.033333,Almost Exact,1.413,0.266588
33,7.097240,0.477097,0.635685,0.000000,100000,0.000010,Euler,261.663,0.255434
34,7.097240,0.477097,0.635685,0.000000,100000,0.000010,Almost Exact,1200.926,0.255823
35,7.097240,0.477097,0.635685,0.000000,10000,0.000100,Euler,26.058,0.253122
36,7.097240,0.477097,0.635685,0.000000,10000,0.000100,Almost Exact,120.207,0.254056
37,7.097240,0.477097,0.635685,0.000000,5000,0.000200,Euler,13.118,0.253777
38,7.097240,0.477097,0.635685,0.000000,5000,0.000200,Almost Exact,66.388,0.253174
39,7.097240,0.477097,0.635685,0.000000,1000,0.001000,Euler,2.254,0.253777
40,7.097240,0.477097,0.635685,0.000000,1000,0.001000,Almost Exact,23.602,0.260221
41,7.097240,0.477097,0.635685,0.000000,300,0.003333,Euler,0.862,0.254432
42,7.097240,0.477097,0.635685,0.000000,300,0.003333,Almost Exact,6.947,0.250828
43,7.097240,0.477097,0.635685,0.000000,100,0.010000,Euler,0.254,0.255145
44,7.097240,0.477097,0.635685,0.000000,100,0.010000,Almost Exact,2.655,0.248783
45,7.097240,0.477097,0.635685,0.000000,60,0.016667,Euler,0.160,0.256066
46,7.097240,0.477097,0.635685,0.000000,60,0.016667,Almost Exact,2.015,0.255537
47,7.097240,0.477097,0.635685,0.000000,30,0.033333,Euler,0.092,0.256903
48,7.097240,0.477097,0.635685,0.000000,30,0.033333,Almost Exact,1.426,0.253099
49,7.097240,0.477097,0.635685,0.300000,100000,0.000010,Euler,261.805,0.257452
50,7.097240,0.477097,0.635685,0.300000,100000,0.000010,Almost Exact,1201.364,0.256346
51,7.097240,0.477097,0.635685,0.300000,10000,0.000100,Euler,24.435,0.254792
52,7.097240,0.477097,0.635685,0.300000,10000,0.000100,Almost Exact,120.137,0.257475
53,7.097240,0.477097,0.635685,0.300000,5000,0.000200,Euler,13.948,0.255079
54,7.097240,0.477097,0.635685,0.300000,5000,0.000200,Almost Exact,66.238,0.257764
55,7.097240,0.477097,0.635685,0.300000,1000,0.001000,Euler,2.336,0.256615
56,7.097240,0.477097,0.635685,0.300000,1000,0.001000,Almost Exact,23.395,0.264346
57,7.097240,0.477097,0.635685,0.300000,300,0.003333,Euler,0.752,0.255937
58,7.097240,0.477097,0.635685,0.300000,300,0.003333,Almost Exact,6.877,0.249392
59,7.097240,0.477097,0.635685,0.300000,100,0.010000,Euler,0.256,0.256658
60,7.097240,0.477097,0.635685,0.300000,100,0.010000,Almost Exact,2.631,0.252804
61,7.097240,0.477097,0.635685,0.300000,60,0.016667,Euler,0.161,0.256528
62,7.097240,0.477097,0.635685,0.300000,60,0.016667,Almost Exact,2.007,0.250626
63,7.097240,0.477097,0.635685,0.300000,30,0.033333,Euler,0.092,0.257364
64,7.097240,0.477097,0.635685,0.300000,30,0.033333,Almost Exact,1.411,0.241594
65,7.097240,0.477097,0.635685,0.700000,100000,0.000010,Euler,261.721,0.257731
66,7.097240,0.477097,0.635685,0.700000,100000,0.000010,Almost Exact,1200.616,0.260657
67,7.097240,0.477097,0.635685,0.700000,10000,0.000100,Euler,24.421,0.256654
68,7.097240,0.477097,0.635685,0.700000,10000,0.000100,Almost Exact,120.136,0.257875
69,7.097240,0.477097,0.635685,0.700000,5000,0.000200,Euler,13.945,0.257042
70,7.097240,0.477097,0.635685,0.700000,5000,0.000200,Almost Exact,66.305,0.257814
71,7.097240,0.477097,0.635685,0.700000,1000,0.001000,Euler,2.255,0.258517
72,7.097240,0.477097,0.635685,0.700000,1000,0.001000,Almost Exact,23.570,0.285727
73,7.097240,0.477097,0.635685,0.700000,300,0.003333,Euler,0.765,0.259726
74,7.097240,0.477097,0.635685,0.700000,300,0.003333,Almost Exact,6.935,0.258003
75,7.097240,0.477097,0.635685,0.700000,100,0.010000,Euler,0.256,0.258602
76,7.097240,0.477097,0.635685,0.700000,100,0.010000,Almost Exact,2.514,0.250159
77,7.097240,0.477097,0.635685,0.700000,60,0.016667,Euler,0.159,0.256923
78,7.097240,0.477097,0.635685,0.700000,60,0.016667,Almost Exact,1.942,0.244683
79,7.097240,0.477097,0.635685,0.700000,30,0.033333,Euler,0.093,0.258951
80,7.097240,0.477097,0.635685,0.700000,30,0.033333,Almost Exact,1.430,0.228142
81,0.367118,0.428994,0.240716,-0.700000,100000,0.000010,Euler,262.287,0.151359
82,0.367118,0.428994,0.240716,-0.700000,100000,0.000010,Almost Exact,1200.596,0.150480
83,0.367118,0.428994,0.240716,-0.700000,10000,0.000100,Euler,24.404,0.151594
84,0.367118,0.428994,0.240716,-0.700000,10000,0.000100,Almost Exact,120.478,0.152061
85,0.367118,0.428994,0.240716,-0.700000,5000,0.000200,Euler,13.114,0.151514
86,0.367118,0.428994,0.240716,-0.700000,5000,0.000200,Almost Exact,60.888,0.151537
87,0.367118,0.428994,0.240716,-0.700000,1000,0.001000,Euler,2.347,0.150543
88,0.367118,0.428994,0.240716,-0.700000,1000,0.001000,Almost Exact,25.055,0.146216
89,0.367118,0.428994,0.240716,-0.700000,300,0.003333,Euler,0.822,0.150862
90,0.367118,0.428994,0.240716,-0.700000,300,0.003333,Almost Exact,7.161,0.147667
91,0.367118,0.428994,0.240716,-0.700000,100,0.010000,Euler,0.250,0.151923
92,0.367118,0.428994,0.240716,-0.700000,100,0.010000,Almost Exact,2.343,0.151696
93,0.367118,0.428994,0.240716,-0.700000,60,0.016667,Euler,0.160,0.151297
94,0.367118,0.428994,0.240716,-0.700000,60,0.016667,Almost Exact,1.455,0.152185
95,0.367118,0.428994,0.240716,-0.700000,30,0.033333,Euler,0.092,0.150404
96,0.367118,0.428994,0.240716,-0.700000,30,0.033333,Almost Exact,1.050,0.152538
97,0.367118,0.428994,0.240716,-0.300000,100000,0.000010,Euler,262.883,0.152470
98,0.367118,0.428994,0.240716,-0.300000,100000,0.000010,Almost Exact,1201.730,0.153710
99,0.367118,0.428994,0.240716,-0.300000,10000,0.000100,Euler,26.013,0.152414
100,0.367118,0.428994,0.240716,-0.300000,10000,0.000100,Almost Exact,119.719,0.152513
101,0.367118,0.428994,0.240716,-0.300000,5000,0.000200,Euler,13.933,0.152452
102,0.367118,0.428994,0.240716,-0.300000,5000,0.000200,Almost Exact,60.905,0.152779
103,0.367118,0.428994,0.240716,-0.300000,1000,0.001000,Euler,2.254,0.153324
104,0.367118,0.428994,0.240716,-0.300000,1000,0.001000,Almost Exact,25.248,0.151185
105,0.367118,0.428994,0.240716,-0.300000,300,0.003333,Euler,0.763,0.152250
106,0.367118,0.428994,0.240716,-0.300000,300,0.003333,Almost Exact,7.539,0.152716
107,0.367118,0.428994,0.240716,-0.300000,100,0.010000,Euler,0.242,0.152211
108,0.367118,0.428994,0.240716,-0.300000,100,0.010000,Almost Exact,2.346,0.153023
109,0.367118,0.428994,0.240716,-0.300000,60,0.016667,Euler,0.161,0.152054
110,0.367118,0.428994,0.240716,-0.300000,60,0.016667,Almost Exact,1.477,0.152987
111,0.367118,0.428994,0.240716,-0.300000,30,0.033333,Euler,0.089,0.152951
112,0.367118,0.428994,0.240716,-0.300000,30,0.033333,Almost Exact,1.050,0.151544
113,0.367118,0.428994,0.240716,0.000000,100000,0.000010,Euler,263.808,0.155005
114,0.367118,0.428994,0.240716,0.000000,100000,0.000010,Almost Exact,1201.389,0.153061
115,0.367118,0.428994,0.240716,0.000000,10000,0.000100,Euler,24.417,0.153450
116,0.367118,0.428994,0.240716,0.000000,10000,0.000100,Almost Exact,120.500,0.153989
117,0.367118,0.428994,0.240716,0.000000,5000,0.000200,Euler,13.123,0.153517
118,0.367118,0.428994,0.240716,0.000000,5000,0.000200,Almost Exact,60.712,0.153195
119,0.367118,0.428994,0.240716,0.000000,1000,0.001000,Euler,2.342,0.154726
120,0.367118,0.428994,0.240716,0.000000,1000,0.001000,Almost Exact,25.196,0.154049
121,0.367118,0.428994,0.240716,0.000000,300,0.003333,Euler,0.822,0.153333
122,0.367118,0.428994,0.240716,0.000000,300,0.003333,Almost Exact,7.137,0.153408
123,0.367118,0.428994,0.240716,0.000000,100,0.010000,Euler,0.242,0.154362
124,0.367118,0.428994,0.240716,0.000000,100,0.010000,Almost Exact,2.337,0.154662
125,0.367118,0.428994,0.240716,0.000000,60,0.016667,Euler,0.161,0.154176
126,0.367118,0.428994,0.240716,0.000000,60,0.016667,Almost Exact,1.455,0.154677
127,0.367118,0.428994,0.240716,0.000000,30,0.033333,Euler,0.092,0.152961
128,0.367118,0.428994,0.240716,0.000000,30,0.033333,Almost Exact,1.063,0.154056
129,0.367118,0.428994,0.240716,0.300000,100000,0.000010,Euler,263.701,0.155576
130,0.367118,0.428994,0.240716,0.300000,100000,0.000010,Almost Exact,1200.956,0.153670
131,0.367118,0.428994,0.240716,0.300000,10000,0.000100,Euler,25.995,0.155218
132,0.367118,0.428994,0.240716,0.300000,10000,0.000100,Almost Exact,119.998,0.156109
133,0.367118,0.428994,0.240716,0.300000,5000,0.000200,Euler,13.930,0.155247
134,0.367118,0.428994,0.240716,0.300000,5000,0.000200,Almost Exact,60.770,0.154974
135,0.367118,0.428994,0.240716,0.300000,1000,0.001000,Euler,2.344,0.154908
136,0.367118,0.428994,0.240716,0.300000,1000,0.001000,Almost Exact,25.228,0.155409
137,0.367118,0.428994,0.240716,0.300000,300,0.003333,Euler,0.715,0.155813
138,0.367118,0.428994,0.240716,0.300000,300,0.003333,Almost Exact,7.166,0.161113
139,0.367118,0.428994,0.240716,0.300000,100,0.010000,Euler,0.243,0.154783
140,0.367118,0.428994,0.240716,0.300000,100,0.010000,Almost Exact,2.350,0.154650
141,0.367118,0.428994,0.240716,0.300000,60,0.016667,Euler,0.154,0.155153
142,0.367118,0.428994,0.240716,0.300000,60,0.016667,Almost Exact,1.477,0.154374
143,0.367118,0.428994,0.240716,0.300000,30,0.033333,Euler,0.089,0.154257
144,0.367118,0.428994,0.240716,0.300000,30,0.033333,Almost Exact,1.057,0.152380
145,0.367118,0.428994,0.240716,0.700000,100000,0.000010,Euler,264.466,0.156573
146,0.367118,0.428994,0.240716,0.700000,100000,0.000010,Almost Exact,1203.039,0.154596
147,0.367118,0.428994,0.240716,0.700000,10000,0.000100,Euler,25.993,0.156150
148,0.367118,0.428994,0.240716,0.700000,10000,0.000100,Almost Exact,120.001,0.157212
149,0.367118,0.428994,0.240716,0.700000,5000,0.000200,Euler,12.390,0.156580
150,0.367118,0.428994,0.240716,0.700000,5000,0.000200,Almost Exact,60.942,0.156127
151,0.367118,0.428994,0.240716,0.700000,1000,0.001000,Euler,2.253,0.156906
152,0.367118,0.428994,0.240716,0.700000,1000,0.001000,Almost Exact,25.243,0.158701
153,0.367118,0.428994,0.240716,0.700000,300,0.003333,Euler,0.884,0.156117
154,0.367118,0.428994,0.240716,0.700000,300,0.003333,Almost Exact,7.155,0.161421
155,0.367118,0.428994,0.240716,0.700000,100,0.010000,Euler,0.243,0.156224
156,0.367118,0.428994,0.240716,0.700000,100,0.010000,Almost Exact,2.353,0.158173
157,0.367118,0.428994,0.240716,0.700000,60,0.016667,Euler,0.153,0.155798
158,0.367118,0.428994,0.240716,0.700000,60,0.016667,Almost Exact,1.457,0.157658
159,0.367118,0.428994,0.240716,0.700000,30,0.033333,Euler,0.088,0.155609
160,0.367118,0.428994,0.240716,0.700000,30,0.033333,Almost Exact,1.062,0.156604
161,3.685457,0.381083,0.280203,-0.700000,100000,0.000010,Euler,248.716,0.215806
162,3.685457,0.381083,0.280203,-0.700000,100000,0.000010,Almost Exact,1202.464,0.215029
163,3.685457,0.381083,0.280203,-0.700000,10000,0.000100,Euler,24.399,0.215182
164,3.685457,0.381083,0.280203,-0.700000,10000,0.000100,Almost Exact,128.322,0.217140
165,3.685457,0.381083,0.280203,-0.700000,5000,0.000200,Euler,12.391,0.215524
166,3.685457,0.381083,0.280203,-0.700000,5000,0.000200,Almost Exact,59.858,0.216435
167,3.685457,0.381083,0.280203,-0.700000,1000,0.001000,Euler,2.325,0.216165
168,3.685457,0.381083,0.280203,-0.700000,1000,0.001000,Almost Exact,13.970,0.215698
169,3.685457,0.381083,0.280203,-0.700000,300,0.003333,Euler,0.863,0.215583
170,3.685457,0.381083,0.280203,-0.700000,300,0.003333,Almost Exact,7.448,0.208250
171,3.685457,0.381083,0.280203,-0.700000,100,0.010000,Euler,0.241,0.216808
172,3.685457,0.381083,0.280203,-0.700000,100,0.010000,Almost Exact,2.313,0.223332
173,3.685457,0.381083,0.280203,-0.700000,60,0.016667,Euler,0.161,0.215361
174,3.685457,0.381083,0.280203,-0.700000,60,0.016667,Almost Exact,1.409,0.227562
175,3.685457,0.381083,0.280203,-0.700000,30,0.033333,Euler,0.091,0.217226
176,3.685457,0.381083,0.280203,-0.700000,30,0.033333,Almost Exact,0.718,0.240831
177,3.685457,0.381083,0.280203,-0.300000,100000,0.000010,Euler,264.189,0.216918
178,3.685457,0.381083,0.280203,-0.300000,100000,0.000010,Almost Exact,1201.459,0.215434
179,3.685457,0.381083,0.280203,-0.300000,10000,0.000100,Euler,24.426,0.216839
180,3.685457,0.381083,0.280203,-0.300000,10000,0.000100,Almost Exact,120.176,0.218484
181,3.685457,0.381083,0.280203,-0.300000,5000,0.000200,Euler,14.001,0.216335
182,3.685457,0.381083,0.280203,-0.300000,5000,0.000200,Almost Exact,60.236,0.217251
183,3.685457,0.381083,0.280203,-0.300000,1000,0.001000,Euler,2.344,0.216422
184,3.685457,0.381083,0.280203,-0.300000,1000,0.001000,Almost Exact,14.102,0.216547
185,3.685457,0.381083,0.280203,-0.300000,300,0.003333,Euler,0.765,0.217185
186,3.685457,0.381083,0.280203,-0.300000,300,0.003333,Almost Exact,7.105,0.213544
187,3.685457,0.381083,0.280203,-0.300000,100,0.010000,Euler,0.253,0.217471
188,3.685457,0.381083,0.280203,-0.300000,100,0.010000,Almost Exact,2.348,0.220149
189,3.685457,0.381083,0.280203,-0.300000,60,0.016667,Euler,0.161,0.218524
190,3.685457,0.381083,0.280203,-0.300000,60,0.016667,Almost Exact,1.420,0.223088
191,3.685457,0.381083,0.280203,-0.300000,30,0.033333,Euler,0.088,0.218627
192,3.685457,0.381083,0.280203,-0.300000,30,0.033333,Almost Exact,0.724,0.225973
193,3.685457,0.381083,0.280203,0.000000,100000,0.000010,Euler,248.164,0.219535
194,3.685457,0.381083,0.280203,0.000000,100000,0.000010,Almost Exact,1205.314,0.218371
195,3.685457,0.381083,0.280203,0.000000,10000,0.000100,Euler,24.412,0.216004
196,3.685457,0.381083,0.280203,0.000000,10000,0.000100,Almost Exact,120.152,0.218208
197,3.685457,0.381083,0.280203,0.000000,5000,0.000200,Euler,12.390,0.217954
198,3.685457,0.381083,0.280203,0.000000,5000,0.000200,Almost Exact,60.273,0.218001
199,3.685457,0.381083,0.280203,0.000000,1000,0.001000,Euler,2.341,0.218949
200,3.685457,0.381083,0.280203,0.000000,1000,0.001000,Almost Exact,14.122,0.217350
201,3.685457,0.381083,0.280203,0.000000,300,0.003333,Euler,0.822,0.217314
202,3.685457,0.381083,0.280203,0.000000,300,0.003333,Almost Exact,7.125,0.218112
203,3.685457,0.381083,0.280203,0.000000,100,0.010000,Euler,0.252,0.218263
204,3.685457,0.381083,0.280203,0.000000,100,0.010000,Almost Exact,2.348,0.216747
205,3.685457,0.381083,0.280203,0.000000,60,0.016667,Euler,0.161,0.218401
206,3.685457,0.381083,0.280203,0.000000,60,0.016667,Almost Exact,1.424,0.218055
207,3.685457,0.381083,0.280203,0.000000,30,0.033333,Euler,0.091,0.219864
208,3.685457,0.381083,0.280203,0.000000,30,0.033333,Almost Exact,0.726,0.217106
209,3.685457,0.381083,0.280203,0.300000,100000,0.000010,Euler,264.629,0.221837
210,3.685457,0.381083,0.280203,0.300000,100000,0.000010,Almost Exact,1211.190,0.218344
211,3.685457,0.381083,0.280203,0.300000,10000,0.000100,Euler,25.994,0.219299
212,3.685457,0.381083,0.280203,0.300000,10000,0.000100,Almost Exact,120.427,0.219374
213,3.685457,0.381083,0.280203,0.300000,5000,0.000200,Euler,13.254,0.219676
214,3.685457,0.381083,0.280203,0.300000,5000,0.000200,Almost Exact,60.762,0.219070
215,3.685457,0.381083,0.280203,0.300000,1000,0.001000,Euler,2.368,0.217589
216,3.685457,0.381083,0.280203,0.300000,1000,0.001000,Almost Exact,14.202,0.217334
217,3.685457,0.381083,0.280203,0.300000,300,0.003333,Euler,0.714,0.219286
218,3.685457,0.381083,0.280203,0.300000,300,0.003333,Almost Exact,7.109,0.227553
219,3.685457,0.381083,0.280203,0.300000,100,0.010000,Euler,0.243,0.219630
220,3.685457,0.381083,0.280203,0.300000,100,0.010000,Almost Exact,2.344,0.220513
221,3.685457,0.381083,0.280203,0.300000,60,0.016667,Euler,0.153,0.218300
222,3.685457,0.381083,0.280203,0.300000,60,0.016667,Almost Exact,1.419,0.215416
223,3.685457,0.381083,0.280203,0.300000,30,0.033333,Euler,0.091,0.221155
224,3.685457,0.381083,0.280203,0.300000,30,0.033333,Almost Exact,0.721,0.207052
225,3.685457,0.381083,0.280203,0.700000,100000,0.000010,Euler,264.391,0.218908
226,3.685457,0.381083,0.280203,0.700000,100000,0.000010,Almost Exact,1207.924,0.220209
227,3.685457,0.381083,0.280203,0.700000,10000,0.000100,Euler,24.402,0.220722
228,3.685457,0.381083,0.280203,0.700000,10000,0.000100,Almost Exact,120.248,0.218979
229,3.685457,0.381083,0.280203,0.700000,5000,0.000200,Euler,13.252,0.220160
230,3.685457,0.381083,0.280203,0.700000,5000,0.000200,Almost Exact,60.456,0.218276
231,3.685457,0.381083,0.280203,0.700000,1000,0.001000,Euler,2.347,0.219320
232,3.685457,0.381083,0.280203,0.700000,1000,0.001000,Almost Exact,14.094,0.220386
233,3.685457,0.381083,0.280203,0.700000,300,0.003333,Euler,0.823,0.220673
234,3.685457,0.381083,0.280203,0.700000,300,0.003333,Almost Exact,7.523,0.231249
235,3.685457,0.381083,0.280203,0.700000,100,0.010000,Euler,0.253,0.220426
236,3.685457,0.381083,0.280203,0.700000,100,0.010000,Almost Exact,2.345,0.211193
237,3.685457,0.381083,0.280203,0.700000,60,0.016667,Euler,0.165,0.221026
238,3.685457,0.381083,0.280203,0.700000,60,0.016667,Almost Exact,1.418,0.208184
239,3.685457,0.381083,0.280203,0.700000,30,0.033333,Euler,0.091,0.220146
240,3.685457,0.381083,0.280203,0.700000,30,0.033333,Almost Exact,0.724,0.192508
241,0.345443,0.374514,0.109505,-0.700000,100000,0.000010,Euler,264.274,0.148876
242,0.345443,0.374514,0.109505,-0.700000,100000,0.000010,Almost Exact,1210.386,0.148560
243,0.345443,0.374514,0.109505,-0.700000,10000,0.000100,Euler,25.980,0.147900
244,0.345443,0.374514,0.109505,-0.700000,10000,0.000100,Almost Exact,120.209,0.148366
245,0.345443,0.374514,0.109505,-0.700000,5000,0.000200,Euler,13.115,0.148139
246,0.345443,0.374514,0.109505,-0.700000,5000,0.000200,Almost Exact,60.156,0.149756
247,0.345443,0.374514,0.109505,-0.700000,1000,0.001000,Euler,2.345,0.147997
248,0.345443,0.374514,0.109505,-0.700000,1000,0.001000,Almost Exact,12.066,0.147945
249,0.345443,0.374514,0.109505,-0.700000,300,0.003333,Euler,0.810,0.148422
250,0.345443,0.374514,0.109505,-0.700000,300,0.003333,Almost Exact,3.821,0.148299
251,0.345443,0.374514,0.109505,-0.700000,100,0.010000,Euler,0.251,0.147555
252,0.345443,0.374514,0.109505,-0.700000,100,0.010000,Almost Exact,2.430,0.145451
253,0.345443,0.374514,0.109505,-0.700000,60,0.016667,Euler,0.160,0.148651
254,0.345443,0.374514,0.109505,-0.700000,60,0.016667,Almost Exact,1.417,0.146992
255,0.345443,0.374514,0.109505,-0.700000,30,0.033333,Euler,0.091,0.147739
256,0.345443,0.374514,0.109505,-0.700000,30,0.033333,Almost Exact,0.729,0.148415
257,0.345443,0.374514,0.109505,-0.300000,100000,0.000010,Euler,264.282,0.149658
258,0.345443,0.374514,0.109505,-0.300000,100000,0.000010,Almost Exact,1209.498,0.147897
259,0.345443,0.374514,0.109505,-0.300000,10000,0.000100,Euler,24.426,0.148871
260,0.345443,0.374514,0.109505,-0.300000,10000,0.000100,Almost Exact,120.494,0.149396
261,0.345443,0.374514,0.109505,-0.300000,5000,0.000200,Euler,13.256,0.149368
262,0.345443,0.374514,0.109505,-0.300000,5000,0.000200,Almost Exact,60.756,0.149015
263,0.345443,0.374514,0.109505,-0.300000,1000,0.001000,Euler,2.277,0.148473
264,0.345443,0.374514,0.109505,-0.300000,1000,0.001000,Almost Exact,12.179,0.147738
265,0.345443,0.374514,0.109505,-0.300000,300,0.003333,Euler,0.817,0.148038
266,0.345443,0.374514,0.109505,-0.300000,300,0.003333,Almost Exact,3.918,0.148921
267,0.345443,0.374514,0.109505,-0.300000,100,0.010000,Euler,0.259,0.148155
268,0.345443,0.374514,0.109505,-0.300000,100,0.010000,Almost Exact,2.579,0.146587
269,0.345443,0.374514,0.109505,-0.300000,60,0.016667,Euler,0.155,0.148356
270,0.345443,0.374514,0.109505,-0.300000,60,0.016667,Almost Exact,1.432,0.146435
271,0.345443,0.374514,0.109505,-0.300000,30,0.033333,Euler,0.092,0.148326
272,0.345443,0.374514,0.109505,-0.300000,30,0.033333,Almost Exact,0.730,0.149562
273,0.345443,0.374514,0.109505,0.000000,100000,0.000010,Euler,266.256,0.149469
274,0.345443,0.374514,0.109505,0.000000,100000,0.000010,Almost Exact,1211.660,0.149660
275,0.345443,0.374514,0.109505,0.000000,10000,0.000100,Euler,25.981,0.148425
276,0.345443,0.374514,0.109505,0.000000,10000,0.000100,Almost Exact,120.421,0.149695
277,0.345443,0.374514,0.109505,0.000000,5000,0.000200,Euler,12.451,0.149001
278,0.345443,0.374514,0.109505,0.000000,5000,0.000200,Almost Exact,60.770,0.148937
279,0.345443,0.374514,0.109505,0.000000,1000,0.001000,Euler,2.271,0.148063
280,0.345443,0.374514,0.109505,0.000000,1000,0.001000,Almost Exact,12.070,0.149144
281,0.345443,0.374514,0.109505,0.000000,300,0.003333,Euler,0.810,0.149996
282,0.345443,0.374514,0.109505,0.000000,300,0.003333,Almost Exact,3.837,0.149349
283,0.345443,0.374514,0.109505,0.000000,100,0.010000,Euler,0.257,0.149114
284,0.345443,0.374514,0.109505,0.000000,100,0.010000,Almost Exact,2.433,0.150780
285,0.345443,0.374514,0.109505,0.000000,60,0.016667,Euler,0.164,0.149013
286,0.345443,0.374514,0.109505,0.000000,60,0.016667,Almost Exact,1.426,0.148687
287,0.345443,0.374514,0.109505,0.000000,30,0.033333,Euler,0.090,0.148558
288,0.345443,0.374514,0.109505,0.000000,30,0.033333,Almost Exact,0.728,0.147727
289,0.345443,0.374514,0.109505,0.300000,100000,0.000010,Euler,250.202,0.150093
290,0.345443,0.374514,0.109505,0.300000,100000,0.000010,Almost Exact,1211.109,0.150313
291,0.345443,0.374514,0.109505,0.300000,10000,0.000100,Euler,24.410,0.149696
292,0.345443,0.374514,0.109505,0.300000,10000,0.000100,Almost Exact,120.410,0.148564
293,0.345443,0.374514,0.109505,0.300000,5000,0.000200,Euler,14.070,0.149945
294,0.345443,0.374514,0.109505,0.300000,5000,0.000200,Almost Exact,60.500,0.149947
295,0.345443,0.374514,0.109505,0.300000,1000,0.001000,Euler,2.259,0.148803
296,0.345443,0.374514,0.109505,0.300000,1000,0.001000,Almost Exact,12.062,0.149502
297,0.345443,0.374514,0.109505,0.300000,300,0.003333,Euler,0.822,0.149835
298,0.345443,0.374514,0.109505,0.300000,300,0.003333,Almost Exact,3.832,0.149211
299,0.345443,0.374514,0.109505,0.300000,100,0.010000,Euler,0.251,0.150634
300,0.345443,0.374514,0.109505,0.300000,100,0.010000,Almost Exact,2.560,0.149906
301,0.345443,0.374514,0.109505,0.300000,60,0.016667,Euler,0.163,0.150126
302,0.345443,0.374514,0.109505,0.300000,60,0.016667,Almost Exact,1.417,0.150380
303,0.345443,0.374514,0.109505,0.300000,30,0.033333,Euler,0.093,0.150171
304,0.345443,0.374514,0.109505,0.300000,30,0.033333,Almost Exact,0.719,0.149069
305,0.345443,0.374514,0.109505,0.700000,100000,0.000010,Euler,266.244,0.149496
306,0.345443,0.374514,0.109505,0.700000,100000,0.000010,Almost Exact,1211.761,0.150609
307,0.345443,0.374514,0.109505,0.700000,10000,0.000100,Euler,24.430,0.149383
308,0.345443,0.374514,0.109505,0.700000,10000,0.000100,Almost Exact,120.695,0.149462
309,0.345443,0.374514,0.109505,0.700000,5000,0.000200,Euler,13.121,0.150603
310,0.345443,0.374514,0.109505,0.700000,5000,0.000200,Almost Exact,60.257,0.150704
311,0.345443,0.374514,0.109505,0.700000,1000,0.001000,Euler,2.266,0.151728
312,0.345443,0.374514,0.109505,0.700000,1000,0.001000,Almost Exact,12.125,0.150696
313,0.345443,0.374514,0.109505,0.700000,300,0.003333,Euler,0.873,0.151214
314,0.345443,0.374514,0.109505,0.700000,300,0.003333,Almost Exact,3.864,0.149923
315,0.345443,0.374514,0.109505,0.700000,100,0.010000,Euler,0.244,0.149997
316,0.345443,0.374514,0.109505,0.700000,100,0.010000,Almost Exact,2.570,0.157285
317,0.345443,0.374514,0.109505,0.700000,60,0.016667,Euler,0.161,0.150944
318,0.345443,0.374514,0.109505,0.700000,60,0.016667,Almost Exact,1.427,0.154164
319,0.345443,0.374514,0.109505,0.700000,30,0.033333,Euler,0.093,0.149427
320,0.345443,0.374514,0.109505,0.700000,30,0.033333,Almost Exact,0.733,0.150295
321,9.337224,0.464533,0.296594,-0.700000,100000,0.000010,Euler,250.139,0.254255
322,9.337224,0.464533,0.296594,-0.700000,100000,0.000010,Almost Exact,1210.611,0.256803
323,9.337224,0.464533,0.296594,-0.700000,10000,0.000100,Euler,27.600,0.255793
324,9.337224,0.464533,0.296594,-0.700000,10000,0.000100,Almost Exact,120.285,0.254757
325,9.337224,0.464533,0.296594,-0.700000,5000,0.000200,Euler,14.070,0.254715
326,9.337224,0.464533,0.296594,-0.700000,5000,0.000200,Almost Exact,60.741,0.255481
327,9.337224,0.464533,0.296594,-0.700000,1000,0.001000,Euler,2.366,0.253748
328,9.337224,0.464533,0.296594,-0.700000,1000,0.001000,Almost Exact,12.706,0.255419
329,9.337224,0.464533,0.296594,-0.700000,300,0.003333,Euler,0.878,0.255266
330,9.337224,0.464533,0.296594,-0.700000,300,0.003333,Almost Exact,7.129,0.242977
331,9.337224,0.464533,0.296594,-0.700000,100,0.010000,Euler,0.257,0.255264
332,9.337224,0.464533,0.296594,-0.700000,100,0.010000,Almost Exact,2.367,0.276437
333,9.337224,0.464533,0.296594,-0.700000,60,0.016667,Euler,0.161,0.254102
334,9.337224,0.464533,0.296594,-0.700000,60,0.016667,Almost Exact,1.436,0.300430
335,9.337224,0.464533,0.296594,-0.700000,30,0.033333,Euler,0.092,0.256609
336,9.337224,0.464533,0.296594,-0.700000,30,0.033333,Almost Exact,0.745,0.353844
337,9.337224,0.464533,0.296594,-0.300000,100000,0.000010,Euler,266.624,0.254861
338,9.337224,0.464533,0.296594,-0.300000,100000,0.000010,Almost Exact,1212.163,0.256250
339,9.337224,0.464533,0.296594,-0.300000,10000,0.000100,Euler,25.983,0.255331
340,9.337224,0.464533,0.296594,-0.300000,10000,0.000100,Almost Exact,120.396,0.255178
341,9.337224,0.464533,0.296594,-0.300000,5000,0.000200,Euler,13.252,0.257215
342,9.337224,0.464533,0.296594,-0.300000,5000,0.000200,Almost Exact,60.753,0.257792
343,9.337224,0.464533,0.296594,-0.300000,1000,0.001000,Euler,2.366,0.254554
344,9.337224,0.464533,0.296594,-0.300000,1000,0.001000,Almost Exact,12.613,0.256617
345,9.337224,0.464533,0.296594,-0.300000,300,0.003333,Euler,0.870,0.255155
346,9.337224,0.464533,0.296594,-0.300000,300,0.003333,Almost Exact,7.063,0.255102
347,9.337224,0.464533,0.296594,-0.300000,100,0.010000,Euler,0.257,0.254443
348,9.337224,0.464533,0.296594,-0.300000,100,0.010000,Almost Exact,2.337,0.264652
349,9.337224,0.464533,0.296594,-0.300000,60,0.016667,Euler,0.161,0.255978
350,9.337224,0.464533,0.296594,-0.300000,60,0.016667,Almost Exact,1.424,0.273346
351,9.337224,0.464533,0.296594,-0.300000,30,0.033333,Euler,0.092,0.257986
352,9.337224,0.464533,0.296594,-0.300000,30,0.033333,Almost Exact,0.732,0.292599
353,9.337224,0.464533,0.296594,0.000000,100000,0.000010,Euler,250.038,0.255549
354,9.337224,0.464533,0.296594,0.000000,100000,0.000010,Almost Exact,1211.547,0.253674
355,9.337224,0.464533,0.296594,0.000000,10000,0.000100,Euler,24.416,0.254142
356,9.337224,0.464533,0.296594,0.000000,10000,0.000100,Almost Exact,120.579,0.254120
357,9.337224,0.464533,0.296594,0.000000,5000,0.000200,Euler,13.245,0.254593
358,9.337224,0.464533,0.296594,0.000000,5000,0.000200,Almost Exact,60.598,0.256534
359,9.337224,0.464533,0.296594,0.000000,1000,0.001000,Euler,2.355,0.257183
360,9.337224,0.464533,0.296594,0.000000,1000,0.001000,Almost Exact,12.645,0.255310
361,9.337224,0.464533,0.296594,0.000000,300,0.003333,Euler,0.768,0.255212
362,9.337224,0.464533,0.296594,0.000000,300,0.003333,Almost Exact,7.083,0.251612
363,9.337224,0.464533,0.296594,0.000000,100,0.010000,Euler,0.244,0.256772
364,9.337224,0.464533,0.296594,0.000000,100,0.010000,Almost Exact,2.353,0.251948
365,9.337224,0.464533,0.296594,0.000000,60,0.016667,Euler,0.162,0.255987
366,9.337224,0.464533,0.296594,0.000000,60,0.016667,Almost Exact,1.431,0.254103
367,9.337224,0.464533,0.296594,0.000000,30,0.033333,Euler,0.090,0.258426
368,9.337224,0.464533,0.296594,0.000000,30,0.033333,Almost Exact,0.774,0.252904
369,9.337224,0.464533,0.296594,0.300000,100000,0.000010,Euler,266.121,0.255687
370,9.337224,0.464533,0.296594,0.300000,100000,0.000010,Almost Exact,1210.307,0.252057
371,9.337224,0.464533,0.296594,0.300000,10000,0.000100,Euler,27.583,0.254342
372,9.337224,0.464533,0.296594,0.300000,10000,0.000100,Almost Exact,120.485,0.257438
373,9.337224,0.464533,0.296594,0.300000,5000,0.000200,Euler,12.392,0.256336
374,9.337224,0.464533,0.296594,0.300000,5000,0.000200,Almost Exact,60.493,0.257326
375,9.337224,0.464533,0.296594,0.300000,1000,0.001000,Euler,2.266,0.257127
376,9.337224,0.464533,0.296594,0.300000,1000,0.001000,Almost Exact,12.633,0.256731
377,9.337224,0.464533,0.296594,0.300000,300,0.003333,Euler,0.870,0.257395
378,9.337224,0.464533,0.296594,0.300000,300,0.003333,Almost Exact,7.062,0.260335
379,9.337224,0.464533,0.296594,0.300000,100,0.010000,Euler,0.243,0.257124
380,9.337224,0.464533,0.296594,0.300000,100,0.010000,Almost Exact,2.335,0.246316
381,9.337224,0.464533,0.296594,0.300000,60,0.016667,Euler,0.160,0.256141
382,9.337224,0.464533,0.296594,0.300000,60,0.016667,Almost Exact,1.415,0.235017
383,9.337224,0.464533,0.296594,0.300000,30,0.033333,Euler,0.092,0.260170
384,9.337224,0.464533,0.296594,0.300000,30,0.033333,Almost Exact,0.734,0.217236
385,9.337224,0.464533,0.296594,0.700000,100000,0.000010,Euler,266.104,0.256656
386,9.337224,0.464533,0.296594,0.700000,100000,0.000010,Almost Exact,1211.196,0.255327
387,9.337224,0.464533,0.296594,0.700000,10000,0.000100,Euler,24.425,0.257014
388,9.337224,0.464533,0.296594,0.700000,10000,0.000100,Almost Exact,120.704,0.257359
389,9.337224,0.464533,0.296594,0.700000,5000,0.000200,Euler,12.452,0.257995
390,9.337224,0.464533,0.296594,0.700000,5000,0.000200,Almost Exact,60.759,0.256095
391,9.337224,0.464533,0.296594,0.700000,1000,0.001000,Euler,2.278,0.257928
392,9.337224,0.464533,0.296594,0.700000,1000,0.001000,Almost Exact,12.701,0.253680
393,9.337224,0.464533,0.296594,0.700000,300,0.003333,Euler,0.773,0.259022
394,9.337224,0.464533,0.296594,0.700000,300,0.003333,Almost Exact,7.131,0.260661
395,9.337224,0.464533,0.296594,0.700000,100,0.010000,Euler,0.259,0.257416
396,9.337224,0.464533,0.296594,0.700000,100,0.010000,Almost Exact,2.358,0.234518
397,9.337224,0.464533,0.296594,0.700000,60,0.016667,Euler,0.161,0.256601
398,9.337224,0.464533,0.296594,0.700000,60,0.016667,Almost Exact,1.431,0.217283
399,9.337224,0.464533,0.296594,0.700000,30,0.033333,Euler,0.094,0.258764
400,9.337224,0.464533,0.296594,0.700000,30,0.033333,Almost Exact,0.739,0.179159
401,5.960131,0.372786,0.985144,-0.700000,100000,0.000010,Euler,266.246,0.217418
402,5.960131,0.372786,0.985144,-0.700000,100000,0.000010,Almost Exact,1213.596,0.219236
403,5.960131,0.372786,0.985144,-0.700000,10000,0.000100,Euler,27.574,0.217577
404,5.960131,0.372786,0.985144,-0.700000,10000,0.000100,Almost Exact,234.246,0.205358
405,5.960131,0.372786,0.985144,-0.700000,5000,0.000200,Euler,13.805,0.217553
406,5.960131,0.372786,0.985144,-0.700000,5000,0.000200,Almost Exact,145.891,0.193282
407,5.960131,0.372786,0.985144,-0.700000,1000,0.001000,Euler,2.323,0.218307
408,5.960131,0.372786,0.985144,-0.700000,1000,0.001000,Almost Exact,23.137,0.213898
409,5.960131,0.372786,0.985144,-0.700000,300,0.003333,Euler,0.800,0.219186
410,5.960131,0.372786,0.985144,-0.700000,300,0.003333,Almost Exact,11.084,0.220346
411,5.960131,0.372786,0.985144,-0.700000,100,0.010000,Euler,0.254,0.217827
412,5.960131,0.372786,0.985144,-0.700000,100,0.010000,Almost Exact,4.788,0.220061
413,5.960131,0.372786,0.985144,-0.700000,60,0.016667,Euler,0.160,0.218098
414,5.960131,0.372786,0.985144,-0.700000,60,0.016667,Almost Exact,2.528,0.221970
415,5.960131,0.372786,0.985144,-0.700000,30,0.033333,Euler,0.096,0.219060
416,5.960131,0.372786,0.985144,-0.700000,30,0.033333,Almost Exact,0.800,0.227005
417,5.960131,0.372786,0.985144,-0.300000,100000,0.000010,Euler,265.682,0.219281
418,5.960131,0.372786,0.985144,-0.300000,100000,0.000010,Almost Exact,1214.014,0.220048
419,5.960131,0.372786,0.985144,-0.300000,10000,0.000100,Euler,24.429,0.222090
420,5.960131,0.372786,0.985144,-0.300000,10000,0.000100,Almost Exact,234.505,0.218098
421,5.960131,0.372786,0.985144,-0.300000,5000,0.000200,Euler,13.813,0.221409
422,5.960131,0.372786,0.985144,-0.300000,5000,0.000200,Almost Exact,145.888,0.212844
423,5.960131,0.372786,0.985144,-0.300000,1000,0.001000,Euler,2.325,0.220860
424,5.960131,0.372786,0.985144,-0.300000,1000,0.001000,Almost Exact,24.451,0.220771
425,5.960131,0.372786,0.985144,-0.300000,300,0.003333,Euler,0.852,0.222848
426,5.960131,0.372786,0.985144,-0.300000,300,0.003333,Almost Exact,11.498,0.221214
427,5.960131,0.372786,0.985144,-0.300000,100,0.010000,Euler,0.253,0.221629
428,5.960131,0.372786,0.985144,-0.300000,100,0.010000,Almost Exact,4.786,0.223043
429,5.960131,0.372786,0.985144,-0.300000,60,0.016667,Euler,0.159,0.222418
430,5.960131,0.372786,0.985144,-0.300000,60,0.016667,Almost Exact,2.533,0.222978
431,5.960131,0.372786,0.985144,-0.300000,30,0.033333,Euler,0.092,0.223530
432,5.960131,0.372786,0.985144,-0.300000,30,0.033333,Almost Exact,0.814,0.225031
433,5.960131,0.372786,0.985144,0.000000,100000,0.000010,Euler,265.586,0.224119
434,5.960131,0.372786,0.985144,0.000000,100000,0.000010,Almost Exact,1213.717,0.222541
435,5.960131,0.372786,0.985144,0.000000,10000,0.000100,Euler,24.409,0.223052
436,5.960131,0.372786,0.985144,0.000000,10000,0.000100,Almost Exact,234.185,0.225242
437,5.960131,0.372786,0.985144,0.000000,5000,0.000200,Euler,12.988,0.221797
438,5.960131,0.372786,0.985144,0.000000,5000,0.000200,Almost Exact,145.788,0.225653
439,5.960131,0.372786,0.985144,0.000000,1000,0.001000,Euler,2.329,0.223555
440,5.960131,0.372786,0.985144,0.000000,1000,0.001000,Almost Exact,23.176,0.227891
441,5.960131,0.372786,0.985144,0.000000,300,0.003333,Euler,0.853,0.222371
442,5.960131,0.372786,0.985144,0.000000,300,0.003333,Almost Exact,11.112,0.223449
443,5.960131,0.372786,0.985144,0.000000,100,0.010000,Euler,0.243,0.224188
444,5.960131,0.372786,0.985144,0.000000,100,0.010000,Almost Exact,4.785,0.223995
445,5.960131,0.372786,0.985144,0.000000,60,0.016667,Euler,0.160,0.225087
446,5.960131,0.372786,0.985144,0.000000,60,0.016667,Almost Exact,2.528,0.221914
447,5.960131,0.372786,0.985144,0.000000,30,0.033333,Euler,0.092,0.223799
448,5.960131,0.372786,0.985144,0.000000,30,0.033333,Almost Exact,0.806,0.219791
449,5.960131,0.372786,0.985144,0.300000,100000,0.000010,Euler,266.339,0.225731
450,5.960131,0.372786,0.985144,0.300000,100000,0.000010,Almost Exact,1215.349,0.225183
451,5.960131,0.372786,0.985144,0.300000,10000,0.000100,Euler,25.985,0.225890
452,5.960131,0.372786,0.985144,0.300000,10000,0.000100,Almost Exact,248.332,0.230427
453,5.960131,0.372786,0.985144,0.300000,5000,0.000200,Euler,13.009,0.226519
454,5.960131,0.372786,0.985144,0.300000,5000,0.000200,Almost Exact,137.215,0.237632
455,5.960131,0.372786,0.985144,0.300000,1000,0.001000,Euler,2.320,0.225496
456,5.960131,0.372786,0.985144,0.300000,1000,0.001000,Almost Exact,24.470,0.229262
457,5.960131,0.372786,0.985144,0.300000,300,0.003333,Euler,0.855,0.225114
458,5.960131,0.372786,0.985144,0.300000,300,0.003333,Almost Exact,11.103,0.225925
459,5.960131,0.372786,0.985144,0.300000,100,0.010000,Euler,0.257,0.225744
460,5.960131,0.372786,0.985144,0.300000,100,0.010000,Almost Exact,4.778,0.224810
461,5.960131,0.372786,0.985144,0.300000,60,0.016667,Euler,0.159,0.226325
462,5.960131,0.372786,0.985144,0.300000,60,0.016667,Almost Exact,2.529,0.222961
463,5.960131,0.372786,0.985144,0.300000,30,0.033333,Euler,0.092,0.227090
464,5.960131,0.372786,0.985144,0.300000,30,0.033333,Almost Exact,0.805,0.218363
465,5.960131,0.372786,0.985144,0.700000,100000,0.000010,Euler,265.818,0.227224
466,5.960131,0.372786,0.985144,0.700000,100000,0.000010,Almost Exact,1212.513,0.228166
467,5.960131,0.372786,0.985144,0.700000,10000,0.000100,Euler,25.988,0.227397
468,5.960131,0.372786,0.985144,0.700000,10000,0.000100,Almost Exact,234.119,0.235991
469,5.960131,0.372786,0.985144,0.700000,5000,0.000200,Euler,13.008,0.227124
470,5.960131,0.372786,0.985144,0.700000,5000,0.000200,Almost Exact,137.087,0.253442
471,5.960131,0.372786,0.985144,0.700000,1000,0.001000,Euler,2.235,0.229311
472,5.960131,0.372786,0.985144,0.700000,1000,0.001000,Almost Exact,23.103,0.236690
473,5.960131,0.372786,0.985144,0.700000,300,0.003333,Euler,0.801,0.226278
474,5.960131,0.372786,0.985144,0.700000,300,0.003333,Almost Exact,11.013,0.227448
475,5.960131,0.372786,0.985144,0.700000,100,0.010000,Euler,0.240,0.228443
476,5.960131,0.372786,0.985144,0.700000,100,0.010000,Almost Exact,4.782,0.221613
477,5.960131,0.372786,0.985144,0.700000,60,0.016667,Euler,0.161,0.228957
478,5.960131,0.372786,0.985144,0.700000,60,0.016667,Almost Exact,2.677,0.219863
479,5.960131,0.372786,0.985144,0.700000,30,0.033333,Euler,0.094,0.230984
480,5.960131,0.372786,0.985144,0.700000,30,0.033333,Almost Exact,0.801,0.213742
481,7.992663,0.385463,0.903149,-0.700000,100000,0.000010,Euler,266.517,0.228162
482,7.992663,0.385463,0.903149,-0.700000,100000,0.000010,Almost Exact,1213.425,0.230283
483,7.992663,0.385463,0.903149,-0.700000,10000,0.000100,Euler,24.423,0.227422
484,7.992663,0.385463,0.903149,-0.700000,10000,0.000100,Almost Exact,181.730,0.224727
485,7.992663,0.385463,0.903149,-0.700000,5000,0.000200,Euler,12.989,0.228236
486,7.992663,0.385463,0.903149,-0.700000,5000,0.000200,Almost Exact,131.338,0.204212
487,7.992663,0.385463,0.903149,-0.700000,1000,0.001000,Euler,2.241,0.228371
488,7.992663,0.385463,0.903149,-0.700000,1000,0.001000,Almost Exact,22.802,0.224855
489,7.992663,0.385463,0.903149,-0.700000,300,0.003333,Euler,0.814,0.228780
490,7.992663,0.385463,0.903149,-0.700000,300,0.003333,Almost Exact,7.600,0.227706
491,7.992663,0.385463,0.903149,-0.700000,100,0.010000,Euler,0.249,0.228257
492,7.992663,0.385463,0.903149,-0.700000,100,0.010000,Almost Exact,5.193,0.231575
493,7.992663,0.385463,0.903149,-0.700000,60,0.016667,Euler,0.160,0.228169
494,7.992663,0.385463,0.903149,-0.700000,60,0.016667,Almost Exact,2.713,0.236761
495,7.992663,0.385463,0.903149,-0.700000,30,0.033333,Euler,0.093,0.227909
496,7.992663,0.385463,0.903149,-0.700000,30,0.033333,Almost Exact,0.839,0.244447
497,7.992663,0.385463,0.903149,-0.300000,100000,0.000010,Euler,265.907,0.228414
498,7.992663,0.385463,0.903149,-0.300000,100000,0.000010,Almost Exact,1216.124,0.230463
499,7.992663,0.385463,0.903149,-0.300000,10000,0.000100,Euler,24.404,0.231300
500,7.992663,0.385463,0.903149,-0.300000,10000,0.000100,Almost Exact,181.702,0.229251
501,7.992663,0.385463,0.903149,-0.300000,5000,0.000200,Euler,12.217,0.231390
502,7.992663,0.385463,0.903149,-0.300000,5000,0.000200,Almost Exact,131.295,0.223519
503,7.992663,0.385463,0.903149,-0.300000,1000,0.001000,Euler,2.323,0.228229
504,7.992663,0.385463,0.903149,-0.300000,1000,0.001000,Almost Exact,22.799,0.226947
505,7.992663,0.385463,0.903149,-0.300000,300,0.003333,Euler,0.864,0.230848
506,7.992663,0.385463,0.903149,-0.300000,300,0.003333,Almost Exact,8.057,0.229211
507,7.992663,0.385463,0.903149,-0.300000,100,0.010000,Euler,0.252,0.229553
508,7.992663,0.385463,0.903149,-0.300000,100,0.010000,Almost Exact,4.888,0.230891
509,7.992663,0.385463,0.903149,-0.300000,60,0.016667,Euler,0.162,0.230582
510,7.992663,0.385463,0.903149,-0.300000,60,0.016667,Almost Exact,2.722,0.233755
511,7.992663,0.385463,0.903149,-0.300000,30,0.033333,Euler,0.090,0.231616
512,7.992663,0.385463,0.903149,-0.300000,30,0.033333,Almost Exact,0.841,0.236787
513,7.992663,0.385463,0.903149,0.000000,100000,0.000010,Euler,266.200,0.231271
514,7.992663,0.385463,0.903149,0.000000,100000,0.000010,Almost Exact,1217.632,0.230957
515,7.992663,0.385463,0.903149,0.000000,10000,0.000100,Euler,25.999,0.231572
516,7.992663,0.385463,0.903149,0.000000,10000,0.000100,Almost Exact,192.247,0.230948
517,7.992663,0.385463,0.903149,0.000000,5000,0.000200,Euler,13.806,0.231999
518,7.992663,0.385463,0.903149,0.000000,5000,0.000200,Almost Exact,131.475,0.234766
519,7.992663,0.385463,0.903149,0.000000,1000,0.001000,Euler,2.322,0.231827
520,7.992663,0.385463,0.903149,0.000000,1000,0.001000,Almost Exact,22.817,0.231113
521,7.992663,0.385463,0.903149,0.000000,300,0.003333,Euler,0.759,0.231800
522,7.992663,0.385463,0.903149,0.000000,300,0.003333,Almost Exact,7.658,0.231189
523,7.992663,0.385463,0.903149,0.000000,100,0.010000,Euler,0.243,0.232570
524,7.992663,0.385463,0.903149,0.000000,100,0.010000,Almost Exact,4.904,0.232805
525,7.992663,0.385463,0.903149,0.000000,60,0.016667,Euler,0.154,0.233700
526,7.992663,0.385463,0.903149,0.000000,60,0.016667,Almost Exact,2.726,0.228899
527,7.992663,0.385463,0.903149,0.000000,30,0.033333,Euler,0.091,0.232608
528,7.992663,0.385463,0.903149,0.000000,30,0.033333,Almost Exact,0.838,0.229298
529,7.992663,0.385463,0.903149,0.300000,100000,0.000010,Euler,266.015,0.233071
530,7.992663,0.385463,0.903149,0.300000,100000,0.000010,Almost Exact,1216.941,0.232725
531,7.992663,0.385463,0.903149,0.300000,10000,0.000100,Euler,24.422,0.234729
532,7.992663,0.385463,0.903149,0.300000,10000,0.000100,Almost Exact,182.020,0.235178
533,7.992663,0.385463,0.903149,0.300000,5000,0.000200,Euler,12.996,0.232683
534,7.992663,0.385463,0.903149,0.300000,5000,0.000200,Almost Exact,139.154,0.242930
535,7.992663,0.385463,0.903149,0.300000,1000,0.001000,Euler,2.238,0.233379
536,7.992663,0.385463,0.903149,0.300000,1000,0.001000,Almost Exact,22.819,0.236118
537,7.992663,0.385463,0.903149,0.300000,300,0.003333,Euler,0.862,0.233015
538,7.992663,0.385463,0.903149,0.300000,300,0.003333,Almost Exact,7.621,0.234734
539,7.992663,0.385463,0.903149,0.300000,100,0.010000,Euler,0.240,0.233494
540,7.992663,0.385463,0.903149,0.300000,100,0.010000,Almost Exact,5.196,0.230722
541,7.992663,0.385463,0.903149,0.300000,60,0.016667,Euler,0.158,0.234024
542,7.992663,0.385463,0.903149,0.300000,60,0.016667,Almost Exact,2.723,0.229193
543,7.992663,0.385463,0.903149,0.300000,30,0.033333,Euler,0.095,0.236209
544,7.992663,0.385463,0.903149,0.300000,30,0.033333,Almost Exact,0.841,0.222772
545,7.992663,0.385463,0.903149,0.700000,100000,0.000010,Euler,266.214,0.238614
546,7.992663,0.385463,0.903149,0.700000,100000,0.000010,Almost Exact,1217.942,0.233173
547,7.992663,0.385463,0.903149,0.700000,10000,0.000100,Euler,25.995,0.233771
548,7.992663,0.385463,0.903149,0.700000,10000,0.000100,Almost Exact,192.525,0.237578
549,7.992663,0.385463,0.903149,0.700000,5000,0.000200,Euler,13.810,0.236294
550,7.992663,0.385463,0.903149,0.700000,5000,0.000200,Almost Exact,139.669,0.252149
551,7.992663,0.385463,0.903149,0.700000,1000,0.001000,Euler,2.326,0.233903
552,7.992663,0.385463,0.903149,0.700000,1000,0.001000,Almost Exact,22.805,0.245135
553,7.992663,0.385463,0.903149,0.700000,300,0.003333,Euler,0.812,0.235858
554,7.992663,0.385463,0.903149,0.700000,300,0.003333,Almost Exact,7.631,0.230855
555,7.992663,0.385463,0.903149,0.700000,100,0.010000,Euler,0.254,0.235289
556,7.992663,0.385463,0.903149,0.700000,100,0.010000,Almost Exact,4.881,0.228444
557,7.992663,0.385463,0.903149,0.700000,60,0.016667,Euler,0.153,0.234919
558,7.992663,0.385463,0.903149,0.700000,60,0.016667,Almost Exact,2.727,0.226155
559,7.992663,0.385463,0.903149,0.700000,30,0.033333,Euler,0.093,0.237371
560,7.992663,0.385463,0.903149,0.700000,30,0.033333,Almost Exact,0.834,0.213802
561,1.801968,0.308386,0.769740,-0.700000,100000,0.000010,Euler,268.017,0.168365
562,1.801968,0.308386,0.769740,-0.700000,100000,0.000010,Almost Exact,1355.975,0.169644
563,1.801968,0.308386,0.769740,-0.700000,10000,0.000100,Euler,25.979,0.169534
564,1.801968,0.308386,0.769740,-0.700000,10000,0.000100,Almost Exact,253.000,0.159280
565,1.801968,0.308386,0.769740,-0.700000,5000,0.000200,Euler,12.210,0.169918
566,1.801968,0.308386,0.769740,-0.700000,5000,0.000200,Almost Exact,138.734,0.156562
567,1.801968,0.308386,0.769740,-0.700000,1000,0.001000,Euler,2.236,0.170255
568,1.801968,0.308386,0.769740,-0.700000,1000,0.001000,Almost Exact,29.879,0.167417
569,1.801968,0.308386,0.769740,-0.700000,300,0.003333,Euler,0.803,0.170261
570,1.801968,0.308386,0.769740,-0.700000,300,0.003333,Almost Exact,13.418,0.170226
571,1.801968,0.308386,0.769740,-0.700000,100,0.010000,Euler,0.253,0.169272
572,1.801968,0.308386,0.769740,-0.700000,100,0.010000,Almost Exact,4.719,0.170295
573,1.801968,0.308386,0.769740,-0.700000,60,0.016667,Euler,0.161,0.169084
574,1.801968,0.308386,0.769740,-0.700000,60,0.016667,Almost Exact,2.628,0.170936
575,1.801968,0.308386,0.769740,-0.700000,30,0.033333,Euler,0.092,0.168665
576,1.801968,0.308386,0.769740,-0.700000,30,0.033333,Almost Exact,1.015,0.170813
577,1.801968,0.308386,0.769740,-0.300000,100000,0.000010,Euler,251.770,0.173619
578,1.801968,0.308386,0.769740,-0.300000,100000,0.000010,Almost Exact,1355.266,0.174048
579,1.801968,0.308386,0.769740,-0.300000,10000,0.000100,Euler,24.443,0.173458
580,1.801968,0.308386,0.769740,-0.300000,10000,0.000100,Almost Exact,253.699,0.172055
581,1.801968,0.308386,0.769740,-0.300000,5000,0.000200,Euler,12.993,0.173875
582,1.801968,0.308386,0.769740,-0.300000,5000,0.000200,Almost Exact,139.270,0.171113
583,1.801968,0.308386,0.769740,-0.300000,1000,0.001000,Euler,2.238,0.173413
584,1.801968,0.308386,0.769740,-0.300000,1000,0.001000,Almost Exact,30.080,0.173094
585,1.801968,0.308386,0.769740,-0.300000,300,0.003333,Euler,0.763,0.173871
586,1.801968,0.308386,0.769740,-0.300000,300,0.003333,Almost Exact,13.493,0.173922
587,1.801968,0.308386,0.769740,-0.300000,100,0.010000,Euler,0.251,0.174800
588,1.801968,0.308386,0.769740,-0.300000,100,0.010000,Almost Exact,4.723,0.173595
589,1.801968,0.308386,0.769740,-0.300000,60,0.016667,Euler,0.162,0.173878
590,1.801968,0.308386,0.769740,-0.300000,60,0.016667,Almost Exact,2.626,0.174133
591,1.801968,0.308386,0.769740,-0.300000,30,0.033333,Euler,0.096,0.173372
592,1.801968,0.308386,0.769740,-0.300000,30,0.033333,Almost Exact,1.019,0.174657
593,1.801968,0.308386,0.769740,0.000000,100000,0.000010,Euler,267.898,0.176176
594,1.801968,0.308386,0.769740,0.000000,100000,0.000010,Almost Exact,1357.847,0.176767
595,1.801968,0.308386,0.769740,0.000000,10000,0.000100,Euler,24.438,0.175526
596,1.801968,0.308386,0.769740,0.000000,10000,0.000100,Almost Exact,253.343,0.179836
597,1.801968,0.308386,0.769740,0.000000,5000,0.000200,Euler,13.796,0.175793
598,1.801968,0.308386,0.769740,0.000000,5000,0.000200,Almost Exact,139.008,0.181373
599,1.801968,0.308386,0.769740,0.000000,1000,0.001000,Euler,2.237,0.175936
600,1.801968,0.308386,0.769740,0.000000,1000,0.001000,Almost Exact,30.087,0.177696
601,1.801968,0.308386,0.769740,0.000000,300,0.003333,Euler,0.815,0.175457
602,1.801968,0.308386,0.769740,0.000000,300,0.003333,Almost Exact,13.465,0.177580
603,1.801968,0.308386,0.769740,0.000000,100,0.010000,Euler,0.257,0.177143
604,1.801968,0.308386,0.769740,0.000000,100,0.010000,Almost Exact,4.717,0.176383
605,1.801968,0.308386,0.769740,0.000000,60,0.016667,Euler,0.161,0.177540
606,1.801968,0.308386,0.769740,0.000000,60,0.016667,Almost Exact,2.628,0.176031
607,1.801968,0.308386,0.769740,0.000000,30,0.033333,Euler,0.094,0.176163
608,1.801968,0.308386,0.769740,0.000000,30,0.033333,Almost Exact,1.035,0.175688
609,1.801968,0.308386,0.769740,0.300000,100000,0.000010,Euler,267.827,0.178552
610,1.801968,0.308386,0.769740,0.300000,100000,0.000010,Almost Exact,1361.062,0.178662
611,1.801968,0.308386,0.769740,0.300000,10000,0.000100,Euler,24.425,0.179778
612,1.801968,0.308386,0.769740,0.300000,10000,0.000100,Almost Exact,267.633,0.185005
613,1.801968,0.308386,0.769740,0.300000,5000,0.000200,Euler,13.032,0.177932
614,1.801968,0.308386,0.769740,0.300000,5000,0.000200,Almost Exact,147.594,0.189727
615,1.801968,0.308386,0.769740,0.300000,1000,0.001000,Euler,2.328,0.178910
616,1.801968,0.308386,0.769740,0.300000,1000,0.001000,Almost Exact,30.171,0.182035
617,1.801968,0.308386,0.769740,0.300000,300,0.003333,Euler,0.715,0.180022
618,1.801968,0.308386,0.769740,0.300000,300,0.003333,Almost Exact,13.443,0.179427
619,1.801968,0.308386,0.769740,0.300000,100,0.010000,Euler,0.256,0.179331
620,1.801968,0.308386,0.769740,0.300000,100,0.010000,Almost Exact,4.713,0.178116
621,1.801968,0.308386,0.769740,0.300000,60,0.016667,Euler,0.160,0.179891
622,1.801968,0.308386,0.769740,0.300000,60,0.016667,Almost Exact,2.622,0.177379
623,1.801968,0.308386,0.769740,0.300000,30,0.033333,Euler,0.094,0.181621
624,1.801968,0.308386,0.769740,0.300000,30,0.033333,Almost Exact,1.021,0.177161
625,1.801968,0.308386,0.769740,0.700000,100000,0.000010,Euler,268.050,0.180884
626,1.801968,0.308386,0.769740,0.700000,100000,0.000010,Almost Exact,1361.320,0.182214
627,1.801968,0.308386,0.769740,0.700000,10000,0.000100,Euler,24.455,0.183036
628,1.801968,0.308386,0.769740,0.700000,10000,0.000100,Almost Exact,253.518,0.189615
629,1.801968,0.308386,0.769740,0.700000,5000,0.000200,Euler,13.022,0.183049
630,1.801968,0.308386,0.769740,0.700000,5000,0.000200,Almost Exact,138.865,0.196350
631,1.801968,0.308386,0.769740,0.700000,1000,0.001000,Euler,2.324,0.182033
632,1.801968,0.308386,0.769740,0.700000,1000,0.001000,Almost Exact,31.532,0.191310
633,1.801968,0.308386,0.769740,0.700000,300,0.003333,Euler,0.862,0.182132
634,1.801968,0.308386,0.769740,0.700000,300,0.003333,Almost Exact,13.448,0.181962
635,1.801968,0.308386,0.769740,0.700000,100,0.010000,Euler,0.256,0.182114
636,1.801968,0.308386,0.769740,0.700000,100,0.010000,Almost Exact,4.724,0.180308
637,1.801968,0.308386,0.769740,0.700000,60,0.016667,Euler,0.153,0.180821
638,1.801968,0.308386,0.769740,0.700000,60,0.016667,Almost Exact,2.629,0.177925
639,1.801968,0.308386,0.769740,0.700000,30,0.033333,Euler,0.094,0.181877
640,1.801968,0.308386,0.769740,0.700000,30,0.033333,Almost Exact,1.012,0.175915
641,3.777497,0.204133,0.198123,-0.700000,100000,0.000010,Euler,251.812,0.166037
642,3.777497,0.204133,0.198123,-0.700000,100000,0.000010,Almost Exact,1221.615,0.163635
643,3.777497,0.204133,0.198123,-0.700000,10000,0.000100,Euler,24.410,0.164751
644,3.777497,0.204133,0.198123,-0.700000,10000,0.000100,Almost Exact,121.341,0.164900
645,3.777497,0.204133,0.198123,-0.700000,5000,0.000200,Euler,14.212,0.165093
646,3.777497,0.204133,0.198123,-0.700000,5000,0.000200,Almost Exact,61.380,0.165375
647,3.777497,0.204133,0.198123,-0.700000,1000,0.001000,Euler,2.390,0.164625
648,3.777497,0.204133,0.198123,-0.700000,1000,0.001000,Almost Exact,12.198,0.166026
649,3.777497,0.204133,0.198123,-0.700000,300,0.003333,Euler,0.875,0.165328
650,3.777497,0.204133,0.198123,-0.700000,300,0.003333,Almost Exact,7.474,0.159125
651,3.777497,0.204133,0.198123,-0.700000,100,0.010000,Euler,0.244,0.165230
652,3.777497,0.204133,0.198123,-0.700000,100,0.010000,Almost Exact,2.349,0.167174
653,3.777497,0.204133,0.198123,-0.700000,60,0.016667,Euler,0.163,0.165707
654,3.777497,0.204133,0.198123,-0.700000,60,0.016667,Almost Exact,1.429,0.171755
655,3.777497,0.204133,0.198123,-0.700000,30,0.033333,Euler,0.092,0.165301
656,3.777497,0.204133,0.198123,-0.700000,30,0.033333,Almost Exact,0.725,0.177067
657,3.777497,0.204133,0.198123,-0.300000,100000,0.000010,Euler,268.521,0.166257
658,3.777497,0.204133,0.198123,-0.300000,100000,0.000010,Almost Exact,1222.123,0.165422
659,3.777497,0.204133,0.198123,-0.300000,10000,0.000100,Euler,27.571,0.166990
660,3.777497,0.204133,0.198123,-0.300000,10000,0.000100,Almost Exact,121.206,0.164895
661,3.777497,0.204133,0.198123,-0.300000,5000,0.000200,Euler,12.591,0.165644
662,3.777497,0.204133,0.198123,-0.300000,5000,0.000200,Almost Exact,60.528,0.166008
663,3.777497,0.204133,0.198123,-0.300000,1000,0.001000,Euler,2.289,0.165880
664,3.777497,0.204133,0.198123,-0.300000,1000,0.001000,Almost Exact,12.208,0.166395
665,3.777497,0.204133,0.198123,-0.300000,300,0.003333,Euler,0.878,0.167105
666,3.777497,0.204133,0.198123,-0.300000,300,0.003333,Almost Exact,7.466,0.163959
667,3.777497,0.204133,0.198123,-0.300000,100,0.010000,Euler,0.245,0.166477
668,3.777497,0.204133,0.198123,-0.300000,100,0.010000,Almost Exact,2.370,0.167003
669,3.777497,0.204133,0.198123,-0.300000,60,0.016667,Euler,0.161,0.165793
670,3.777497,0.204133,0.198123,-0.300000,60,0.016667,Almost Exact,1.422,0.169078
671,3.777497,0.204133,0.198123,-0.300000,30,0.033333,Euler,0.094,0.166693
672,3.777497,0.204133,0.198123,-0.300000,30,0.033333,Almost Exact,0.734,0.170434
673,3.777497,0.204133,0.198123,0.000000,100000,0.000010,Euler,268.170,0.166957
674,3.777497,0.204133,0.198123,0.000000,100000,0.000010,Almost Exact,1220.367,0.166350
675,3.777497,0.204133,0.198123,0.000000,10000,0.000100,Euler,25.997,0.166207
676,3.777497,0.204133,0.198123,0.000000,10000,0.000100,Almost Exact,121.349,0.165637
677,3.777497,0.204133,0.198123,0.000000,5000,0.000200,Euler,12.578,0.166083
678,3.777497,0.204133,0.198123,0.000000,5000,0.000200,Almost Exact,61.363,0.166309
679,3.777497,0.204133,0.198123,0.000000,1000,0.001000,Euler,2.389,0.166274
680,3.777497,0.204133,0.198123,0.000000,1000,0.001000,Almost Exact,12.344,0.167408
681,3.777497,0.204133,0.198123,0.000000,300,0.003333,Euler,0.777,0.166033
682,3.777497,0.204133,0.198123,0.000000,300,0.003333,Almost Exact,7.989,0.166567
683,3.777497,0.204133,0.198123,0.000000,100,0.010000,Euler,0.261,0.166958
684,3.777497,0.204133,0.198123,0.000000,100,0.010000,Almost Exact,2.383,0.166661
685,3.777497,0.204133,0.198123,0.000000,60,0.016667,Euler,0.163,0.167115
686,3.777497,0.204133,0.198123,0.000000,60,0.016667,Almost Exact,1.442,0.165258
687,3.777497,0.204133,0.198123,0.000000,30,0.033333,Euler,0.095,0.166555
688,3.777497,0.204133,0.198123,0.000000,30,0.033333,Almost Exact,0.734,0.166027
689,3.777497,0.204133,0.198123,0.300000,100000,0.000010,Euler,268.403,0.166805
690,3.777497,0.204133,0.198123,0.300000,100000,0.000010,Almost Exact,1221.040,0.166858
691,3.777497,0.204133,0.198123,0.300000,10000,0.000100,Euler,25.975,0.166680
692,3.777497,0.204133,0.198123,0.300000,10000,0.000100,Almost Exact,121.541,0.166142
693,3.777497,0.204133,0.198123,0.300000,5000,0.000200,Euler,12.616,0.168595
694,3.777497,0.204133,0.198123,0.300000,5000,0.000200,Almost Exact,61.026,0.166107
695,3.777497,0.204133,0.198123,0.300000,1000,0.001000,Euler,2.352,0.166726
696,3.777497,0.204133,0.198123,0.300000,1000,0.001000,Almost Exact,12.151,0.167725
697,3.777497,0.204133,0.198123,0.300000,300,0.003333,Euler,0.766,0.167594
698,3.777497,0.204133,0.198123,0.300000,300,0.003333,Almost Exact,7.428,0.169495
699,3.777497,0.204133,0.198123,0.300000,100,0.010000,Euler,0.253,0.166970
700,3.777497,0.204133,0.198123,0.300000,100,0.010000,Almost Exact,2.352,0.164925
701,3.777497,0.204133,0.198123,0.300000,60,0.016667,Euler,0.163,0.167870
702,3.777497,0.204133,0.198123,0.300000,60,0.016667,Almost Exact,1.423,0.163156
703,3.777497,0.204133,0.198123,0.300000,30,0.033333,Euler,0.094,0.168462
704,3.777497,0.204133,0.198123,0.300000,30,0.033333,Almost Exact,0.724,0.160421
705,3.777497,0.204133,0.198123,0.700000,100000,0.000010,Euler,268.521,0.168180
706,3.777497,0.204133,0.198123,0.700000,100000,0.000010,Almost Exact,1220.769,0.169309
707,3.777497,0.204133,0.198123,0.700000,10000,0.000100,Euler,24.445,0.168670
708,3.777497,0.204133,0.198123,0.700000,10000,0.000100,Almost Exact,121.487,0.166392
709,3.777497,0.204133,0.198123,0.700000,5000,0.000200,Euler,14.075,0.167019
710,3.777497,0.204133,0.198123,0.700000,5000,0.000200,Almost Exact,60.791,0.167661
711,3.777497,0.204133,0.198123,0.700000,1000,0.001000,Euler,2.371,0.166515
712,3.777497,0.204133,0.198123,0.700000,1000,0.001000,Almost Exact,12.218,0.165890
713,3.777497,0.204133,0.198123,0.700000,300,0.003333,Euler,0.878,0.166496
714,3.777497,0.204133,0.198123,0.700000,300,0.003333,Almost Exact,7.470,0.173779
715,3.777497,0.204133,0.198123,0.700000,100,0.010000,Euler,0.258,0.168299
716,3.777497,0.204133,0.198123,0.700000,100,0.010000,Almost Exact,2.373,0.164968
717,3.777497,0.204133,0.198123,0.700000,60,0.016667,Euler,0.161,0.167047
718,3.777497,0.204133,0.198123,0.700000,60,0.016667,Almost Exact,1.434,0.160590
719,3.777497,0.204133,0.198123,0.700000,30,0.033333,Euler,0.094,0.168871
720,3.777497,0.204133,0.198123,0.700000,30,0.033333,Almost Exact,0.733,0.152440
721,6.612813,0.023075,0.349395,-0.700000,100000,0.000010,Euler,268.750,0.072626
722,6.612813,0.023075,0.349395,-0.700000,100000,0.000010,Almost Exact,1343.530,0.072382
723,6.612813,0.023075,0.349395,-0.700000,10000,0.000100,Euler,25.989,0.072721
724,6.612813,0.023075,0.349395,-0.700000,10000,0.000100,Almost Exact,249.848,0.067804
725,6.612813,0.023075,0.349395,-0.700000,5000,0.000200,Euler,12.230,0.072961
726,6.612813,0.023075,0.349395,-0.700000,5000,0.000200,Almost Exact,143.337,0.066708
727,6.612813,0.023075,0.349395,-0.700000,1000,0.001000,Euler,2.241,0.073021
728,6.612813,0.023075,0.349395,-0.700000,1000,0.001000,Almost Exact,30.205,0.071646
729,6.612813,0.023075,0.349395,-0.700000,300,0.003333,Euler,0.862,0.072923
730,6.612813,0.023075,0.349395,-0.700000,300,0.003333,Almost Exact,12.939,0.072062
731,6.612813,0.023075,0.349395,-0.700000,100,0.010000,Euler,0.243,0.072833
732,6.612813,0.023075,0.349395,-0.700000,100,0.010000,Almost Exact,4.436,0.069631
733,6.612813,0.023075,0.349395,-0.700000,60,0.016667,Euler,0.154,0.072855
734,6.612813,0.023075,0.349395,-0.700000,60,0.016667,Almost Exact,2.298,0.068146
735,6.612813,0.023075,0.349395,-0.700000,30,0.033333,Euler,0.095,0.073029
736,6.612813,0.023075,0.349395,-0.700000,30,0.033333,Almost Exact,0.749,0.063201
737,6.612813,0.023075,0.349395,-0.300000,100000,0.000010,Euler,268.304,0.073438
738,6.612813,0.023075,0.349395,-0.300000,100000,0.000010,Almost Exact,1340.150,0.073431
739,6.612813,0.023075,0.349395,-0.300000,10000,0.000100,Euler,25.964,0.073039
740,6.612813,0.023075,0.349395,-0.300000,10000,0.000100,Almost Exact,265.345,0.071470
741,6.612813,0.023075,0.349395,-0.300000,5000,0.000200,Euler,13.835,0.073201
742,6.612813,0.023075,0.349395,-0.300000,5000,0.000200,Almost Exact,143.153,0.071193
743,6.612813,0.023075,0.349395,-0.300000,1000,0.001000,Euler,2.241,0.073312
744,6.612813,0.023075,0.349395,-0.300000,1000,0.001000,Almost Exact,30.177,0.072992
745,6.612813,0.023075,0.349395,-0.300000,300,0.003333,Euler,0.760,0.073369
746,6.612813,0.023075,0.349395,-0.300000,300,0.003333,Almost Exact,12.973,0.073038
747,6.612813,0.023075,0.349395,-0.300000,100,0.010000,Euler,0.259,0.073102
748,6.612813,0.023075,0.349395,-0.300000,100,0.010000,Almost Exact,4.430,0.072368
749,6.612813,0.023075,0.349395,-0.300000,60,0.016667,Euler,0.153,0.073228
750,6.612813,0.023075,0.349395,-0.300000,60,0.016667,Almost Exact,2.321,0.071798
751,6.612813,0.023075,0.349395,-0.300000,30,0.033333,Euler,0.094,0.073885
752,6.612813,0.023075,0.349395,-0.300000,30,0.033333,Almost Exact,0.780,0.070290
753,6.612813,0.023075,0.349395,0.000000,100000,0.000010,Euler,268.077,0.073310
754,6.612813,0.023075,0.349395,0.000000,100000,0.000010,Almost Exact,1340.753,0.073511
755,6.612813,0.023075,0.349395,0.000000,10000,0.000100,Euler,26.002,0.073573
756,6.612813,0.023075,0.349395,0.000000,10000,0.000100,Almost Exact,250.380,0.074439
757,6.612813,0.023075,0.349395,0.000000,5000,0.000200,Euler,13.012,0.073242
758,6.612813,0.023075,0.349395,0.000000,5000,0.000200,Almost Exact,135.004,0.074377
759,6.612813,0.023075,0.349395,0.000000,1000,0.001000,Euler,2.324,0.074176
760,6.612813,0.023075,0.349395,0.000000,1000,0.001000,Almost Exact,31.934,0.073713
761,6.612813,0.023075,0.349395,0.000000,300,0.003333,Euler,0.863,0.073509
762,6.612813,0.023075,0.349395,0.000000,300,0.003333,Almost Exact,12.994,0.073831
763,6.612813,0.023075,0.349395,0.000000,100,0.010000,Euler,0.255,0.073933
764,6.612813,0.023075,0.349395,0.000000,100,0.010000,Almost Exact,4.433,0.074043
765,6.612813,0.023075,0.349395,0.000000,60,0.016667,Euler,0.155,0.073410
766,6.612813,0.023075,0.349395,0.000000,60,0.016667,Almost Exact,2.310,0.074250
767,6.612813,0.023075,0.349395,0.000000,30,0.033333,Euler,0.093,0.074069
768,6.612813,0.023075,0.349395,0.000000,30,0.033333,Almost Exact,0.759,0.075070
769,6.612813,0.023075,0.349395,0.300000,100000,0.000010,Euler,251.928,0.074013
770,6.612813,0.023075,0.349395,0.300000,100000,0.000010,Almost Exact,1344.397,0.073843
771,6.612813,0.023075,0.349395,0.300000,10000,0.000100,Euler,24.442,0.073651
772,6.612813,0.023075,0.349395,0.300000,10000,0.000100,Almost Exact,249.669,0.076351
773,6.612813,0.023075,0.349395,0.300000,5000,0.000200,Euler,13.797,0.073702
774,6.612813,0.023075,0.349395,0.300000,5000,0.000200,Almost Exact,134.839,0.077806
775,6.612813,0.023075,0.349395,0.300000,1000,0.001000,Euler,2.323,0.073740
776,6.612813,0.023075,0.349395,0.300000,1000,0.001000,Almost Exact,31.770,0.075248
777,6.612813,0.023075,0.349395,0.300000,300,0.003333,Euler,0.866,0.073911
778,6.612813,0.023075,0.349395,0.300000,300,0.003333,Almost Exact,12.947,0.074362
779,6.612813,0.023075,0.349395,0.300000,100,0.010000,Euler,0.250,0.073497
780,6.612813,0.023075,0.349395,0.300000,100,0.010000,Almost Exact,4.440,0.075234
781,6.612813,0.023075,0.349395,0.300000,60,0.016667,Euler,0.161,0.073969
782,6.612813,0.023075,0.349395,0.300000,60,0.016667,Almost Exact,2.310,0.076252
783,6.612813,0.023075,0.349395,0.300000,30,0.033333,Euler,0.091,0.074087
784,6.612813,0.023075,0.349395,0.300000,30,0.033333,Almost Exact,0.748,0.078785
785,6.612813,0.023075,0.349395,0.700000,100000,0.000010,Euler,267.703,0.073628
786,6.612813,0.023075,0.349395,0.700000,100000,0.000010,Almost Exact,1339.794,0.073154
787,6.612813,0.023075,0.349395,0.700000,10000,0.000100,Euler,26.006,0.073833
788,6.612813,0.023075,0.349395,0.700000,10000,0.000100,Almost Exact,249.835,0.077970
789,6.612813,0.023075,0.349395,0.700000,5000,0.000200,Euler,12.222,0.073987
790,6.612813,0.023075,0.349395,0.700000,5000,0.000200,Almost Exact,134.869,0.081993
791,6.612813,0.023075,0.349395,0.700000,1000,0.001000,Euler,2.322,0.073758
792,6.612813,0.023075,0.349395,0.700000,1000,0.001000,Almost Exact,30.108,0.076028
793,6.612813,0.023075,0.349395,0.700000,300,0.003333,Euler,0.858,0.074011
794,6.612813,0.023075,0.349395,0.700000,300,0.003333,Almost Exact,12.954,0.075372
795,6.612813,0.023075,0.349395,0.700000,100,0.010000,Euler,0.256,0.073902
796,6.612813,0.023075,0.349395,0.700000,100,0.010000,Almost Exact,4.433,0.076625
797,6.612813,0.023075,0.349395,0.700000,60,0.016667,Euler,0.153,0.074044
798,6.612813,0.023075,0.349395,0.700000,60,0.016667,Almost Exact,2.316,0.078080
799,6.612813,0.023075,0.349395,0.700000,30,0.033333,Euler,0.094,0.074240
800,6.612813,0.023075,0.349395,0.700000,30,0.033333,Almost Exact,0.751,0.083078
801,4.061655,0.369403,0.307328,-0.700000,100000,0.000010,Euler,268.424,0.215298
802,4.061655,0.369403,0.307328,-0.700000,100000,0.000010,Almost Exact,1221.682,0.216097
803,4.061655,0.369403,0.307328,-0.700000,10000,0.000100,Euler,25.973,0.216284
804,4.061655,0.369403,0.307328,-0.700000,10000,0.000100,Almost Exact,121.620,0.214332
805,4.061655,0.369403,0.307328,-0.700000,5000,0.000200,Euler,14.286,0.213646
806,4.061655,0.369403,0.307328,-0.700000,5000,0.000200,Almost Exact,60.654,0.215867
807,4.061655,0.369403,0.307328,-0.700000,1000,0.001000,Euler,2.370,0.213557
808,4.061655,0.369403,0.307328,-0.700000,1000,0.001000,Almost Exact,15.831,0.213483
809,4.061655,0.369403,0.307328,-0.700000,300,0.003333,Euler,0.775,0.214918
810,4.061655,0.369403,0.307328,-0.700000,300,0.003333,Almost Exact,7.025,0.209672
811,4.061655,0.369403,0.307328,-0.700000,100,0.010000,Euler,0.255,0.215399
812,4.061655,0.369403,0.307328,-0.700000,100,0.010000,Almost Exact,2.362,0.222831
813,4.061655,0.369403,0.307328,-0.700000,60,0.016667,Euler,0.163,0.214959
814,4.061655,0.369403,0.307328,-0.700000,60,0.016667,Almost Exact,1.432,0.225654
815,4.061655,0.369403,0.307328,-0.700000,30,0.033333,Euler,0.094,0.215890
816,4.061655,0.369403,0.307328,-0.700000,30,0.033333,Almost Exact,0.774,0.237227
817,4.061655,0.369403,0.307328,-0.300000,100000,0.000010,Euler,268.475,0.216341
818,4.061655,0.369403,0.307328,-0.300000,100000,0.000010,Almost Exact,1220.593,0.219471
819,4.061655,0.369403,0.307328,-0.300000,10000,0.000100,Euler,24.524,0.214952
820,4.061655,0.369403,0.307328,-0.300000,10000,0.000100,Almost Exact,121.910,0.215780
821,4.061655,0.369403,0.307328,-0.300000,5000,0.000200,Euler,14.357,0.217223
822,4.061655,0.369403,0.307328,-0.300000,5000,0.000200,Almost Exact,62.017,0.215201
823,4.061655,0.369403,0.307328,-0.300000,1000,0.001000,Euler,2.414,0.216641
824,4.061655,0.369403,0.307328,-0.300000,1000,0.001000,Almost Exact,16.204,0.214543
825,4.061655,0.369403,0.307328,-0.300000,300,0.003333,Euler,0.787,0.216282
826,4.061655,0.369403,0.307328,-0.300000,300,0.003333,Almost Exact,7.164,0.214207
827,4.061655,0.369403,0.307328,-0.300000,100,0.010000,Euler,0.250,0.215165
828,4.061655,0.369403,0.307328,-0.300000,100,0.010000,Almost Exact,2.406,0.218070
829,4.061655,0.369403,0.307328,-0.300000,60,0.016667,Euler,0.166,0.215707
830,4.061655,0.369403,0.307328,-0.300000,60,0.016667,Almost Exact,1.460,0.220615
831,4.061655,0.369403,0.307328,-0.300000,30,0.033333,Euler,0.097,0.218255
832,4.061655,0.369403,0.307328,-0.300000,30,0.033333,Almost Exact,0.785,0.225149
833,4.061655,0.369403,0.307328,0.000000,100000,0.000010,Euler,268.629,0.216774
834,4.061655,0.369403,0.307328,0.000000,100000,0.000010,Almost Exact,1221.886,0.215943
835,4.061655,0.369403,0.307328,0.000000,10000,0.000100,Euler,24.417,0.217869
836,4.061655,0.369403,0.307328,0.000000,10000,0.000100,Almost Exact,121.952,0.216019
837,4.061655,0.369403,0.307328,0.000000,5000,0.000200,Euler,14.358,0.215512
838,4.061655,0.369403,0.307328,0.000000,5000,0.000200,Almost Exact,61.160,0.215264
839,4.061655,0.369403,0.307328,0.000000,1000,0.001000,Euler,2.358,0.215583
840,4.061655,0.369403,0.307328,0.000000,1000,0.001000,Almost Exact,15.820,0.216183
841,4.061655,0.369403,0.307328,0.000000,300,0.003333,Euler,0.875,0.218547
842,4.061655,0.369403,0.307328,0.000000,300,0.003333,Almost Exact,6.982,0.217875
843,4.061655,0.369403,0.307328,0.000000,100,0.010000,Euler,0.252,0.218018
844,4.061655,0.369403,0.307328,0.000000,100,0.010000,Almost Exact,2.355,0.215612
845,4.061655,0.369403,0.307328,0.000000,60,0.016667,Euler,0.153,0.216893
846,4.061655,0.369403,0.307328,0.000000,60,0.016667,Almost Exact,1.423,0.216469
847,4.061655,0.369403,0.307328,0.000000,30,0.033333,Euler,0.089,0.217753
848,4.061655,0.369403,0.307328,0.000000,30,0.033333,Almost Exact,0.778,0.216648
849,4.061655,0.369403,0.307328,0.300000,100000,0.000010,Euler,269.309,0.218220
850,4.061655,0.369403,0.307328,0.300000,100000,0.000010,Almost Exact,1219.462,0.217814
851,4.061655,0.369403,0.307328,0.300000,10000,0.000100,Euler,25.973,0.216758
852,4.061655,0.369403,0.307328,0.300000,10000,0.000100,Almost Exact,121.777,0.215867
853,4.061655,0.369403,0.307328,0.300000,5000,0.000200,Euler,14.213,0.217448
854,4.061655,0.369403,0.307328,0.300000,5000,0.000200,Almost Exact,61.370,0.217899
855,4.061655,0.369403,0.307328,0.300000,1000,0.001000,Euler,2.389,0.216814
856,4.061655,0.369403,0.307328,0.300000,1000,0.001000,Almost Exact,15.997,0.219321
857,4.061655,0.369403,0.307328,0.300000,300,0.003333,Euler,0.894,0.216747
858,4.061655,0.369403,0.307328,0.300000,300,0.003333,Almost Exact,7.098,0.221906
859,4.061655,0.369403,0.307328,0.300000,100,0.010000,Euler,0.264,0.218045
860,4.061655,0.369403,0.307328,0.300000,100,0.010000,Almost Exact,2.386,0.214208
861,4.061655,0.369403,0.307328,0.300000,60,0.016667,Euler,0.161,0.218758
862,4.061655,0.369403,0.307328,0.300000,60,0.016667,Almost Exact,1.442,0.211997
863,4.061655,0.369403,0.307328,0.300000,30,0.033333,Euler,0.091,0.220859
864,4.061655,0.369403,0.307328,0.300000,30,0.033333,Almost Exact,0.784,0.205976
865,4.061655,0.369403,0.307328,0.700000,100000,0.000010,Euler,269.074,0.219020
866,4.061655,0.369403,0.307328,0.700000,100000,0.000010,Almost Exact,1221.311,0.213891
867,4.061655,0.369403,0.307328,0.700000,10000,0.000100,Euler,26.000,0.220528
868,4.061655,0.369403,0.307328,0.700000,10000,0.000100,Almost Exact,121.945,0.219523
869,4.061655,0.369403,0.307328,0.700000,5000,0.000200,Euler,13.521,0.219969
870,4.061655,0.369403,0.307328,0.700000,5000,0.000200,Almost Exact,61.951,0.217911
871,4.061655,0.369403,0.307328,0.700000,1000,0.001000,Euler,2.366,0.218915
872,4.061655,0.369403,0.307328,0.700000,1000,0.001000,Almost Exact,15.796,0.218764
873,4.061655,0.369403,0.307328,0.700000,300,0.003333,Euler,0.772,0.219159
874,4.061655,0.369403,0.307328,0.700000,300,0.003333,Almost Exact,7.017,0.225888
875,4.061655,0.369403,0.307328,0.700000,100,0.010000,Euler,0.259,0.218463
876,4.061655,0.369403,0.307328,0.700000,100,0.010000,Almost Exact,2.375,0.211728
877,4.061655,0.369403,0.307328,0.700000,60,0.016667,Euler,0.163,0.218000
878,4.061655,0.369403,0.307328,0.700000,60,0.016667,Almost Exact,1.436,0.205448
879,4.061655,0.369403,0.307328,0.700000,30,0.033333,Euler,0.096,0.219847
880,4.061655,0.369403,0.307328,0.700000,30,0.033333,Almost Exact,0.775,0.192141
881,9.954195,0.382624,0.176908,-0.700000,100000,0.000010,Euler,269.688,0.232689
882,9.954195,0.382624,0.176908,-0.700000,100000,0.000010,Almost Exact,1221.794,0.229586
883,9.954195,0.382624,0.176908,-0.700000,10000,0.000100,Euler,25.976,0.232451
884,9.954195,0.382624,0.176908,-0.700000,10000,0.000100,Almost Exact,121.854,0.232067
885,9.954195,0.382624,0.176908,-0.700000,5000,0.000200,Euler,14.143,0.233233
886,9.954195,0.382624,0.176908,-0.700000,5000,0.000200,Almost Exact,60.845,0.233725
887,9.954195,0.382624,0.176908,-0.700000,1000,0.001000,Euler,2.382,0.233532
888,9.954195,0.382624,0.176908,-0.700000,1000,0.001000,Almost Exact,12.250,0.236932
889,9.954195,0.382624,0.176908,-0.700000,300,0.003333,Euler,0.819,0.232563
890,9.954195,0.382624,0.176908,-0.700000,300,0.003333,Almost Exact,3.956,0.243618
891,9.954195,0.382624,0.176908,-0.700000,100,0.010000,Euler,0.260,0.233123
892,9.954195,0.382624,0.176908,-0.700000,100,0.010000,Almost Exact,2.374,0.263517
893,9.954195,0.382624,0.176908,-0.700000,60,0.016667,Euler,0.164,0.233856
894,9.954195,0.382624,0.176908,-0.700000,60,0.016667,Almost Exact,1.438,0.295331
895,9.954195,0.382624,0.176908,-0.700000,30,0.033333,Euler,0.094,0.233147
896,9.954195,0.382624,0.176908,-0.700000,30,0.033333,Almost Exact,0.732,0.376100
897,9.954195,0.382624,0.176908,-0.300000,100000,0.000010,Euler,268.251,0.233549
898,9.954195,0.382624,0.176908,-0.300000,100000,0.000010,Almost Exact,1220.376,0.232577
899,9.954195,0.382624,0.176908,-0.300000,10000,0.000100,Euler,25.969,0.232869
900,9.954195,0.382624,0.176908,-0.300000,10000,0.000100,Almost Exact,121.668,0.233026
901,9.954195,0.382624,0.176908,-0.300000,5000,0.000200,Euler,14.213,0.233542
902,9.954195,0.382624,0.176908,-0.300000,5000,0.000200,Almost Exact,61.372,0.233119
903,9.954195,0.382624,0.176908,-0.300000,1000,0.001000,Euler,2.300,0.232464
904,9.954195,0.382624,0.176908,-0.300000,1000,0.001000,Almost Exact,12.308,0.235863
905,9.954195,0.382624,0.176908,-0.300000,300,0.003333,Euler,0.780,0.232237
906,9.954195,0.382624,0.176908,-0.300000,300,0.003333,Almost Exact,3.975,0.238734
907,9.954195,0.382624,0.176908,-0.300000,100,0.010000,Euler,0.258,0.233962
908,9.954195,0.382624,0.176908,-0.300000,100,0.010000,Almost Exact,2.393,0.245821
909,9.954195,0.382624,0.176908,-0.300000,60,0.016667,Euler,0.157,0.235170
910,9.954195,0.382624,0.176908,-0.300000,60,0.016667,Almost Exact,1.444,0.257606
911,9.954195,0.382624,0.176908,-0.300000,30,0.033333,Euler,0.092,0.233832
912,9.954195,0.382624,0.176908,-0.300000,30,0.033333,Almost Exact,0.736,0.287325
913,9.954195,0.382624,0.176908,0.000000,100000,0.000010,Euler,268.634,0.234937
914,9.954195,0.382624,0.176908,0.000000,100000,0.000010,Almost Exact,1221.828,0.235224
915,9.954195,0.382624,0.176908,0.000000,10000,0.000100,Euler,24.430,0.234923
916,9.954195,0.382624,0.176908,0.000000,10000,0.000100,Almost Exact,122.024,0.233617
917,9.954195,0.382624,0.176908,0.000000,5000,0.000200,Euler,12.704,0.233304
918,9.954195,0.382624,0.176908,0.000000,5000,0.000200,Almost Exact,61.596,0.233504
919,9.954195,0.382624,0.176908,0.000000,1000,0.001000,Euler,2.391,0.234235
920,9.954195,0.382624,0.176908,0.000000,1000,0.001000,Almost Exact,12.308,0.233482
921,9.954195,0.382624,0.176908,0.000000,300,0.003333,Euler,0.736,0.235056
922,9.954195,0.382624,0.176908,0.000000,300,0.003333,Almost Exact,3.989,0.234815
923,9.954195,0.382624,0.176908,0.000000,100,0.010000,Euler,0.262,0.236248
924,9.954195,0.382624,0.176908,0.000000,100,0.010000,Almost Exact,2.393,0.234786
925,9.954195,0.382624,0.176908,0.000000,60,0.016667,Euler,0.165,0.233691
926,9.954195,0.382624,0.176908,0.000000,60,0.016667,Almost Exact,1.453,0.232096
927,9.954195,0.382624,0.176908,0.000000,30,0.033333,Euler,0.098,0.234322
928,9.954195,0.382624,0.176908,0.000000,30,0.033333,Almost Exact,0.739,0.230791
929,9.954195,0.382624,0.176908,0.300000,100000,0.000010,Euler,269.281,0.234283
930,9.954195,0.382624,0.176908,0.300000,100000,0.000010,Almost Exact,1220.694,0.234022
931,9.954195,0.382624,0.176908,0.300000,10000,0.000100,Euler,24.441,0.234827
932,9.954195,0.382624,0.176908,0.300000,10000,0.000100,Almost Exact,121.945,0.233428
933,9.954195,0.382624,0.176908,0.300000,5000,0.000200,Euler,14.142,0.234626
934,9.954195,0.382624,0.176908,0.300000,5000,0.000200,Almost Exact,60.838,0.232213
935,9.954195,0.382624,0.176908,0.300000,1000,0.001000,Euler,2.370,0.235082
936,9.954195,0.382624,0.176908,0.300000,1000,0.001000,Almost Exact,12.184,0.231814
937,9.954195,0.382624,0.176908,0.300000,300,0.003333,Euler,0.772,0.235610
938,9.954195,0.382624,0.176908,0.300000,300,0.003333,Almost Exact,3.945,0.227480
939,9.954195,0.382624,0.176908,0.300000,100,0.010000,Euler,0.260,0.235838
940,9.954195,0.382624,0.176908,0.300000,100,0.010000,Almost Exact,2.368,0.222905
941,9.954195,0.382624,0.176908,0.300000,60,0.016667,Euler,0.162,0.233282
942,9.954195,0.382624,0.176908,0.300000,60,0.016667,Almost Exact,1.437,0.208926
943,9.954195,0.382624,0.176908,0.300000,30,0.033333,Euler,0.094,0.236486
944,9.954195,0.382624,0.176908,0.300000,30,0.033333,Almost Exact,0.733,0.185155
945,9.954195,0.382624,0.176908,0.700000,100000,0.000010,Euler,269.203,0.235038
946,9.954195,0.382624,0.176908,0.700000,100000,0.000010,Almost Exact,1222.202,0.237621
947,9.954195,0.382624,0.176908,0.700000,10000,0.000100,Euler,25.979,0.235086
948,9.954195,0.382624,0.176908,0.700000,10000,0.000100,Almost Exact,121.978,0.233880
949,9.954195,0.382624,0.176908,0.700000,5000,0.000200,Euler,13.513,0.235001
950,9.954195,0.382624,0.176908,0.700000,5000,0.000200,Almost Exact,61.994,0.235221
951,9.954195,0.382624,0.176908,0.700000,1000,0.001000,Euler,2.414,0.234382
952,9.954195,0.382624,0.176908,0.700000,1000,0.001000,Almost Exact,12.426,0.229446
953,9.954195,0.382624,0.176908,0.700000,300,0.003333,Euler,0.845,0.235427
954,9.954195,0.382624,0.176908,0.700000,300,0.003333,Almost Exact,3.951,0.221184
955,9.954195,0.382624,0.176908,0.700000,100,0.010000,Euler,0.260,0.235048
956,9.954195,0.382624,0.176908,0.700000,100,0.010000,Almost Exact,2.370,0.204796
957,9.954195,0.382624,0.176908,0.700000,60,0.016667,Euler,0.163,0.235342
958,9.954195,0.382624,0.176908,0.700000,60,0.016667,Almost Exact,1.436,0.182069
959,9.954195,0.382624,0.176908,0.700000,30,0.033333,Euler,0.093,0.235351
960,9.954195,0.382624,0.176908,0.700000,30,0.033333,Almost Exact,0.764,0.135597
961,1.602069,0.070086,0.858488,-0.700000,100000,0.000010,Euler,272.494,0.097782
962,1.602069,0.070086,0.858488,-0.700000,100000,0.000010,Almost Exact,3528.533,0.094251
963,1.602069,0.070086,0.858488,-0.700000,10000,0.000100,Euler,24.977,0.098354
964,1.602069,0.070086,0.858488,-0.700000,10000,0.000100,Almost Exact,464.208,0.092603
965,1.602069,0.070086,0.858488,-0.700000,5000,0.000200,Euler,11.883,0.098055
966,1.602069,0.070086,0.858488,-0.700000,5000,0.000200,Almost Exact,235.108,0.094135
967,1.602069,0.070086,0.858488,-0.700000,1000,0.001000,Euler,2.715,0.098913
968,1.602069,0.070086,0.858488,-0.700000,1000,0.001000,Almost Exact,44.450,0.097180
969,1.602069,0.070086,0.858488,-0.700000,300,0.003333,Euler,0.800,0.100112
970,1.602069,0.070086,0.858488,-0.700000,300,0.003333,Almost Exact,13.892,0.096949
971,1.602069,0.070086,0.858488,-0.700000,100,0.010000,Euler,0.268,0.101547
972,1.602069,0.070086,0.858488,-0.700000,100,0.010000,Almost Exact,4.166,0.097102
973,1.602069,0.070086,0.858488,-0.700000,60,0.016667,Euler,0.171,0.102060
974,1.602069,0.070086,0.858488,-0.700000,60,0.016667,Almost Exact,2.166,0.096512
975,1.602069,0.070086,0.858488,-0.700000,30,0.033333,Euler,0.098,0.104271
976,1.602069,0.070086,0.858488,-0.700000,30,0.033333,Almost Exact,0.803,0.096494
977,1.602069,0.070086,0.858488,-0.300000,100000,0.000010,Euler,270.523,0.102397
978,1.602069,0.070086,0.858488,-0.300000,100000,0.000010,Almost Exact,3521.943,0.102126
979,1.602069,0.070086,0.858488,-0.300000,10000,0.000100,Euler,24.964,0.102592
980,1.602069,0.070086,0.858488,-0.300000,10000,0.000100,Almost Exact,438.424,0.102492
981,1.602069,0.070086,0.858488,-0.300000,5000,0.000200,Euler,11.906,0.102508
982,1.602069,0.070086,0.858488,-0.300000,5000,0.000200,Almost Exact,221.379,0.102320
983,1.602069,0.070086,0.858488,-0.300000,1000,0.001000,Euler,2.713,0.103087
984,1.602069,0.070086,0.858488,-0.300000,1000,0.001000,Almost Exact,44.460,0.102063
985,1.602069,0.070086,0.858488,-0.300000,300,0.003333,Euler,0.798,0.104372
986,1.602069,0.070086,0.858488,-0.300000,300,0.003333,Almost Exact,13.842,0.102502
987,1.602069,0.070086,0.858488,-0.300000,100,0.010000,Euler,0.267,0.105259
988,1.602069,0.070086,0.858488,-0.300000,100,0.010000,Almost Exact,4.181,0.102253
989,1.602069,0.070086,0.858488,-0.300000,60,0.016667,Euler,0.163,0.106779
990,1.602069,0.070086,0.858488,-0.300000,60,0.016667,Almost Exact,2.185,0.101983
991,1.602069,0.070086,0.858488,-0.300000,30,0.033333,Euler,0.098,0.108232
992,1.602069,0.070086,0.858488,-0.300000,30,0.033333,Almost Exact,0.814,0.102357
993,1.602069,0.070086,0.858488,0.000000,100000,0.000010,Euler,255.033,0.104781
994,1.602069,0.070086,0.858488,0.000000,100000,0.000010,Almost Exact,3524.448,0.106346
995,1.602069,0.070086,0.858488,0.000000,10000,0.000100,Euler,24.956,0.104624
996,1.602069,0.070086,0.858488,0.000000,10000,0.000100,Almost Exact,437.325,0.110046
997,1.602069,0.070086,0.858488,0.000000,5000,0.000200,Euler,11.903,0.104718
998,1.602069,0.070086,0.858488,0.000000,5000,0.000200,Almost Exact,221.333,0.107492
999,1.602069,0.070086,0.858488,0.000000,1000,0.001000,Euler,2.428,0.106110
1000,1.602069,0.070086,0.858488,0.000000,1000,0.001000,Almost Exact,44.565,0.104527
1001,1.602069,0.070086,0.858488,0.000000,300,0.003333,Euler,0.798,0.105953
1002,1.602069,0.070086,0.858488,0.000000,300,0.003333,Almost Exact,13.848,0.103317
1003,1.602069,0.070086,0.858488,0.000000,100,0.010000,Euler,0.267,0.107347
1004,1.602069,0.070086,0.858488,0.000000,100,0.010000,Almost Exact,4.193,0.105080
1005,1.602069,0.070086,0.858488,0.000000,60,0.016667,Euler,0.170,0.109625
1006,1.602069,0.070086,0.858488,0.000000,60,0.016667,Almost Exact,2.176,0.104282
1007,1.602069,0.070086,0.858488,0.000000,30,0.033333,Euler,0.096,0.110557
1008,1.602069,0.070086,0.858488,0.000000,30,0.033333,Almost Exact,0.822,0.105707
1009,1.602069,0.070086,0.858488,0.300000,100000,0.000010,Euler,271.648,0.106085
1010,1.602069,0.070086,0.858488,0.300000,100000,0.000010,Almost Exact,3523.691,0.107895
1011,1.602069,0.070086,0.858488,0.300000,10000,0.000100,Euler,24.958,0.106328
1012,1.602069,0.070086,0.858488,0.300000,10000,0.000100,Almost Exact,464.443,0.115183
1013,1.602069,0.070086,0.858488,0.300000,5000,0.000200,Euler,11.911,0.105975
1014,1.602069,0.070086,0.858488,0.300000,5000,0.000200,Almost Exact,221.360,0.113526
1015,1.602069,0.070086,0.858488,0.300000,1000,0.001000,Euler,2.566,0.107266
1016,1.602069,0.070086,0.858488,0.300000,1000,0.001000,Almost Exact,44.456,0.105970
1017,1.602069,0.070086,0.858488,0.300000,300,0.003333,Euler,0.798,0.108049
1018,1.602069,0.070086,0.858488,0.300000,300,0.003333,Almost Exact,13.846,0.105801
1019,1.602069,0.070086,0.858488,0.300000,100,0.010000,Euler,0.265,0.109512
1020,1.602069,0.070086,0.858488,0.300000,100,0.010000,Almost Exact,4.170,0.105942
1021,1.602069,0.070086,0.858488,0.300000,60,0.016667,Euler,0.171,0.110344
1022,1.602069,0.070086,0.858488,0.300000,60,0.016667,Almost Exact,2.304,0.105750
1023,1.602069,0.070086,0.858488,0.300000,30,0.033333,Euler,0.097,0.112636
1024,1.602069,0.070086,0.858488,0.300000,30,0.033333,Almost Exact,0.809,0.105993
1025,1.602069,0.070086,0.858488,0.700000,100000,0.000010,Euler,271.594,0.106334
1026,1.602069,0.070086,0.858488,0.700000,100000,0.000010,Almost Exact,3742.950,0.109130
1027,1.602069,0.070086,0.858488,0.700000,10000,0.000100,Euler,24.980,0.106338
1028,1.602069,0.070086,0.858488,0.700000,10000,0.000100,Almost Exact,438.761,0.120587
1029,1.602069,0.070086,0.858488,0.700000,5000,0.000200,Euler,12.533,0.107128
1030,1.602069,0.070086,0.858488,0.700000,5000,0.000200,Almost Exact,234.827,0.121097
1031,1.602069,0.070086,0.858488,0.700000,1000,0.001000,Euler,2.714,0.106410
1032,1.602069,0.070086,0.858488,0.700000,1000,0.001000,Almost Exact,44.489,0.109266
1033,1.602069,0.070086,0.858488,0.700000,300,0.003333,Euler,0.796,0.107415
1034,1.602069,0.070086,0.858488,0.700000,300,0.003333,Almost Exact,13.849,0.107088
1035,1.602069,0.070086,0.858488,0.700000,100,0.010000,Euler,0.272,0.111160
1036,1.602069,0.070086,0.858488,0.700000,100,0.010000,Almost Exact,4.165,0.105378
1037,1.602069,0.070086,0.858488,0.700000,60,0.016667,Euler,0.172,0.111651
1038,1.602069,0.070086,0.858488,0.700000,60,0.016667,Almost Exact,2.287,0.106453
1039,1.602069,0.070086,0.858488,0.700000,30,0.033333,Euler,0.098,0.113674
1040,1.602069,0.070086,0.858488,0.700000,30,0.033333,Almost Exact,0.813,0.104533
1041,3.584300,0.082234,0.628003,-0.700000,100000,0.000010,Euler,251.707,0.110449
1042,3.584300,0.082234,0.628003,-0.700000,100000,0.000010,Almost Exact,1668.121,0.110228
1043,3.584300,0.082234,0.628003,-0.700000,10000,0.000100,Euler,24.445,0.111713
1044,3.584300,0.082234,0.628003,-0.700000,10000,0.000100,Almost Exact,277.910,0.101283
1045,3.584300,0.082234,0.628003,-0.700000,5000,0.000200,Euler,13.018,0.111189
1046,3.584300,0.082234,0.628003,-0.700000,5000,0.000200,Almost Exact,152.467,0.101637
1047,3.584300,0.082234,0.628003,-0.700000,1000,0.001000,Euler,2.327,0.111303
1048,3.584300,0.082234,0.628003,-0.700000,1000,0.001000,Almost Exact,37.988,0.110650
1049,3.584300,0.082234,0.628003,-0.700000,300,0.003333,Euler,0.807,0.111317
1050,3.584300,0.082234,0.628003,-0.700000,300,0.003333,Almost Exact,13.901,0.110173
1051,3.584300,0.082234,0.628003,-0.700000,100,0.010000,Euler,0.243,0.110864
1052,3.584300,0.082234,0.628003,-0.700000,100,0.010000,Almost Exact,4.542,0.110013
1053,3.584300,0.082234,0.628003,-0.700000,60,0.016667,Euler,0.162,0.111038
1054,3.584300,0.082234,0.628003,-0.700000,60,0.016667,Almost Exact,2.340,0.110501
1055,3.584300,0.082234,0.628003,-0.700000,30,0.033333,Euler,0.092,0.112175
1056,3.584300,0.082234,0.628003,-0.700000,30,0.033333,Almost Exact,0.775,0.109807
1057,3.584300,0.082234,0.628003,-0.300000,100000,0.000010,Euler,268.100,0.113813
1058,3.584300,0.082234,0.628003,-0.300000,100000,0.000010,Almost Exact,1656.365,0.112920
1059,3.584300,0.082234,0.628003,-0.300000,10000,0.000100,Euler,25.977,0.113595
1060,3.584300,0.082234,0.628003,-0.300000,10000,0.000100,Almost Exact,294.940,0.111077
1061,3.584300,0.082234,0.628003,-0.300000,5000,0.000200,Euler,13.010,0.113353
1062,3.584300,0.082234,0.628003,-0.300000,5000,0.000200,Almost Exact,152.879,0.110876
1063,3.584300,0.082234,0.628003,-0.300000,1000,0.001000,Euler,2.325,0.113291
1064,3.584300,0.082234,0.628003,-0.300000,1000,0.001000,Almost Exact,38.063,0.112723
1065,3.584300,0.082234,0.628003,-0.300000,300,0.003333,Euler,0.761,0.113357
1066,3.584300,0.082234,0.628003,-0.300000,300,0.003333,Almost Exact,13.898,0.113024
1067,3.584300,0.082234,0.628003,-0.300000,100,0.010000,Euler,0.255,0.113285
1068,3.584300,0.082234,0.628003,-0.300000,100,0.010000,Almost Exact,4.547,0.113449
1069,3.584300,0.082234,0.628003,-0.300000,60,0.016667,Euler,0.162,0.114340
1070,3.584300,0.082234,0.628003,-0.300000,60,0.016667,Almost Exact,2.348,0.112516
1071,3.584300,0.082234,0.628003,-0.300000,30,0.033333,Euler,0.092,0.114173
1072,3.584300,0.082234,0.628003,-0.300000,30,0.033333,Almost Exact,0.773,0.113352
1073,3.584300,0.082234,0.628003,0.000000,100000,0.000010,Euler,268.058,0.114554
1074,3.584300,0.082234,0.628003,0.000000,100000,0.000010,Almost Exact,1673.418,0.115160
1075,3.584300,0.082234,0.628003,0.000000,10000,0.000100,Euler,24.426,0.113918
1076,3.584300,0.082234,0.628003,0.000000,10000,0.000100,Almost Exact,296.422,0.117063
1077,3.584300,0.082234,0.628003,0.000000,5000,0.000200,Euler,13.811,0.113739
1078,3.584300,0.082234,0.628003,0.000000,5000,0.000200,Almost Exact,152.930,0.117334
1079,3.584300,0.082234,0.628003,0.000000,1000,0.001000,Euler,2.325,0.114701
1080,3.584300,0.082234,0.628003,0.000000,1000,0.001000,Almost Exact,38.038,0.114690
1081,3.584300,0.082234,0.628003,0.000000,300,0.003333,Euler,0.761,0.114394
1082,3.584300,0.082234,0.628003,0.000000,300,0.003333,Almost Exact,13.898,0.114157
1083,3.584300,0.082234,0.628003,0.000000,100,0.010000,Euler,0.253,0.113828
1084,3.584300,0.082234,0.628003,0.000000,100,0.010000,Almost Exact,4.557,0.114804
1085,3.584300,0.082234,0.628003,0.000000,60,0.016667,Euler,0.163,0.114564
1086,3.584300,0.082234,0.628003,0.000000,60,0.016667,Almost Exact,2.348,0.114264
1087,3.584300,0.082234,0.628003,0.000000,30,0.033333,Euler,0.094,0.115322
1088,3.584300,0.082234,0.628003,0.000000,30,0.033333,Almost Exact,0.771,0.114689
1089,3.584300,0.082234,0.628003,0.300000,100000,0.000010,Euler,276.155,0.115617
1090,3.584300,0.082234,0.628003,0.300000,100000,0.000010,Almost Exact,1860.916,0.115216
1091,3.584300,0.082234,0.628003,0.300000,10000,0.000100,Euler,26.007,0.115131
1092,3.584300,0.082234,0.628003,0.300000,10000,0.000100,Almost Exact,294.592,0.121848
1093,3.584300,0.082234,0.628003,0.300000,5000,0.000200,Euler,13.018,0.115686
1094,3.584300,0.082234,0.628003,0.300000,5000,0.000200,Almost Exact,153.088,0.123616
1095,3.584300,0.082234,0.628003,0.300000,1000,0.001000,Euler,2.329,0.115492
1096,3.584300,0.082234,0.628003,0.300000,1000,0.001000,Almost Exact,38.073,0.116513
1097,3.584300,0.082234,0.628003,0.300000,300,0.003333,Euler,0.863,0.114546
1098,3.584300,0.082234,0.628003,0.300000,300,0.003333,Almost Exact,13.902,0.115451
1099,3.584300,0.082234,0.628003,0.300000,100,0.010000,Euler,0.255,0.115201
1100,3.584300,0.082234,0.628003,0.300000,100,0.010000,Almost Exact,4.556,0.115779
1101,3.584300,0.082234,0.628003,0.300000,60,0.016667,Euler,0.155,0.115898
1102,3.584300,0.082234,0.628003,0.300000,60,0.016667,Almost Exact,2.341,0.114904
1103,3.584300,0.082234,0.628003,0.300000,30,0.033333,Euler,0.093,0.116474
1104,3.584300,0.082234,0.628003,0.300000,30,0.033333,Almost Exact,0.776,0.115533
1105,3.584300,0.082234,0.628003,0.700000,100000,0.000010,Euler,268.600,0.115759
1106,3.584300,0.082234,0.628003,0.700000,100000,0.000010,Almost Exact,1663.148,0.115815
1107,3.584300,0.082234,0.628003,0.700000,10000,0.000100,Euler,26.006,0.116412
1108,3.584300,0.082234,0.628003,0.700000,10000,0.000100,Almost Exact,278.722,0.125581
1109,3.584300,0.082234,0.628003,0.700000,5000,0.000200,Euler,13.020,0.116093
1110,3.584300,0.082234,0.628003,0.700000,5000,0.000200,Almost Exact,153.233,0.132341
1111,3.584300,0.082234,0.628003,0.700000,1000,0.001000,Euler,2.326,0.115690
1112,3.584300,0.082234,0.628003,0.700000,1000,0.001000,Almost Exact,38.098,0.119436
1113,3.584300,0.082234,0.628003,0.700000,300,0.003333,Euler,0.805,0.115550
1114,3.584300,0.082234,0.628003,0.700000,300,0.003333,Almost Exact,14.824,0.116536
1115,3.584300,0.082234,0.628003,0.700000,100,0.010000,Euler,0.257,0.116004
1116,3.584300,0.082234,0.628003,0.700000,100,0.010000,Almost Exact,4.553,0.116654
1117,3.584300,0.082234,0.628003,0.700000,60,0.016667,Euler,0.155,0.115789
1118,3.584300,0.082234,0.628003,0.700000,60,0.016667,Almost Exact,2.322,0.114418
1119,3.584300,0.082234,0.628003,0.700000,30,0.033333,Euler,0.092,0.117059
1120,3.584300,0.082234,0.628003,0.700000,30,0.033333,Almost Exact,0.772,0.115244
1121,3.688855,0.049430,0.562859,-0.700000,100000,0.000010,Euler,267.435,0.094062
1122,3.688855,0.049430,0.562859,-0.700000,100000,0.000010,Almost Exact,2006.781,0.092495
1123,3.688855,0.049430,0.562859,-0.700000,10000,0.000100,Euler,24.449,0.094144
1124,3.688855,0.049430,0.562859,-0.700000,10000,0.000100,Almost Exact,316.450,0.087056
1125,3.688855,0.049430,0.562859,-0.700000,5000,0.000200,Euler,13.816,0.093903
1126,3.688855,0.049430,0.562859,-0.700000,5000,0.000200,Almost Exact,168.992,0.087364
1127,3.688855,0.049430,0.562859,-0.700000,1000,0.001000,Euler,2.330,0.093892
1128,3.688855,0.049430,0.562859,-0.700000,1000,0.001000,Almost Exact,42.681,0.094165
1129,3.688855,0.049430,0.562859,-0.700000,300,0.003333,Euler,0.762,0.094500
1130,3.688855,0.049430,0.562859,-0.700000,300,0.003333,Almost Exact,13.702,0.094380
1131,3.688855,0.049430,0.562859,-0.700000,100,0.010000,Euler,0.254,0.094228
1132,3.688855,0.049430,0.562859,-0.700000,100,0.010000,Almost Exact,4.460,0.093479
1133,3.688855,0.049430,0.562859,-0.700000,60,0.016667,Euler,0.162,0.094350
1134,3.688855,0.049430,0.562859,-0.700000,60,0.016667,Almost Exact,2.382,0.092744
1135,3.688855,0.049430,0.562859,-0.700000,30,0.033333,Euler,0.096,0.094764
1136,3.688855,0.049430,0.562859,-0.700000,30,0.033333,Almost Exact,0.749,0.091282
1137,3.688855,0.049430,0.562859,-0.300000,100000,0.000010,Euler,252.328,0.095624
1138,3.688855,0.049430,0.562859,-0.300000,100000,0.000010,Almost Exact,1898.401,0.095653
1139,3.688855,0.049430,0.562859,-0.300000,10000,0.000100,Euler,24.430,0.095692
1140,3.688855,0.049430,0.562859,-0.300000,10000,0.000100,Almost Exact,299.475,0.093998
1141,3.688855,0.049430,0.562859,-0.300000,5000,0.000200,Euler,13.838,0.096203
1142,3.688855,0.049430,0.562859,-0.300000,5000,0.000200,Almost Exact,169.324,0.094126
1143,3.688855,0.049430,0.562859,-0.300000,1000,0.001000,Euler,2.326,0.096067
1144,3.688855,0.049430,0.562859,-0.300000,1000,0.001000,Almost Exact,40.246,0.095571
1145,3.688855,0.049430,0.562859,-0.300000,300,0.003333,Euler,0.860,0.096054
1146,3.688855,0.049430,0.562859,-0.300000,300,0.003333,Almost Exact,13.713,0.095906
1147,3.688855,0.049430,0.562859,-0.300000,100,0.010000,Euler,0.255,0.096126
1148,3.688855,0.049430,0.562859,-0.300000,100,0.010000,Almost Exact,4.742,0.096361
1149,3.688855,0.049430,0.562859,-0.300000,60,0.016667,Euler,0.169,0.095981
1150,3.688855,0.049430,0.562859,-0.300000,60,0.016667,Almost Exact,2.267,0.095670
1151,3.688855,0.049430,0.562859,-0.300000,30,0.033333,Euler,0.093,0.096296
1152,3.688855,0.049430,0.562859,-0.300000,30,0.033333,Almost Exact,0.761,0.095474
1153,3.688855,0.049430,0.562859,0.000000,100000,0.000010,Euler,268.073,0.096584
1154,3.688855,0.049430,0.562859,0.000000,100000,0.000010,Almost Exact,1906.630,0.097004
1155,3.688855,0.049430,0.562859,0.000000,10000,0.000100,Euler,24.422,0.097792
1156,3.688855,0.049430,0.562859,0.000000,10000,0.000100,Almost Exact,298.943,0.099017
1157,3.688855,0.049430,0.562859,0.000000,5000,0.000200,Euler,13.822,0.096417
1158,3.688855,0.049430,0.562859,0.000000,5000,0.000200,Almost Exact,168.785,0.099246
1159,3.688855,0.049430,0.562859,0.000000,1000,0.001000,Euler,2.329,0.097334
1160,3.688855,0.049430,0.562859,0.000000,1000,0.001000,Almost Exact,43.025,0.097114
1161,3.688855,0.049430,0.562859,0.000000,300,0.003333,Euler,0.809,0.096906
1162,3.688855,0.049430,0.562859,0.000000,300,0.003333,Almost Exact,13.700,0.096194
1163,3.688855,0.049430,0.562859,0.000000,100,0.010000,Euler,0.257,0.096974
1164,3.688855,0.049430,0.562859,0.000000,100,0.010000,Almost Exact,4.484,0.096735
1165,3.688855,0.049430,0.562859,0.000000,60,0.016667,Euler,0.164,0.097536
1166,3.688855,0.049430,0.562859,0.000000,60,0.016667,Almost Exact,2.390,0.097754
1167,3.688855,0.049430,0.562859,0.000000,30,0.033333,Euler,0.096,0.097719
1168,3.688855,0.049430,0.562859,0.000000,30,0.033333,Almost Exact,0.747,0.097730
1169,3.688855,0.049430,0.562859,0.300000,100000,0.000010,Euler,252.290,0.097710
1170,3.688855,0.049430,0.562859,0.300000,100000,0.000010,Almost Exact,1895.381,0.098632
1171,3.688855,0.049430,0.562859,0.300000,10000,0.000100,Euler,25.990,0.097135
1172,3.688855,0.049430,0.562859,0.300000,10000,0.000100,Almost Exact,299.166,0.102879
1173,3.688855,0.049430,0.562859,0.300000,5000,0.000200,Euler,13.019,0.098115
1174,3.688855,0.049430,0.562859,0.300000,5000,0.000200,Almost Exact,168.291,0.104537
1175,3.688855,0.049430,0.562859,0.300000,1000,0.001000,Euler,2.329,0.097897
1176,3.688855,0.049430,0.562859,0.300000,1000,0.001000,Almost Exact,40.311,0.098852
1177,3.688855,0.049430,0.562859,0.300000,300,0.003333,Euler,0.769,0.097887
1178,3.688855,0.049430,0.562859,0.300000,300,0.003333,Almost Exact,13.720,0.099182
1179,3.688855,0.049430,0.562859,0.300000,100,0.010000,Euler,0.254,0.097950
1180,3.688855,0.049430,0.562859,0.300000,100,0.010000,Almost Exact,4.465,0.097873
1181,3.688855,0.049430,0.562859,0.300000,60,0.016667,Euler,0.162,0.097650
1182,3.688855,0.049430,0.562859,0.300000,60,0.016667,Almost Exact,2.264,0.098759
1183,3.688855,0.049430,0.562859,0.300000,30,0.033333,Euler,0.092,0.098304
1184,3.688855,0.049430,0.562859,0.300000,30,0.033333,Almost Exact,0.787,0.098716
1185,3.688855,0.049430,0.562859,0.700000,100000,0.000010,Euler,268.525,0.098103
1186,3.688855,0.049430,0.562859,0.700000,100000,0.000010,Almost Exact,1903.766,0.098415
1187,3.688855,0.049430,0.562859,0.700000,10000,0.000100,Euler,25.995,0.097890
1188,3.688855,0.049430,0.562859,0.700000,10000,0.000100,Almost Exact,299.634,0.106151
1189,3.688855,0.049430,0.562859,0.700000,5000,0.000200,Euler,13.018,0.098180
1190,3.688855,0.049430,0.562859,0.700000,5000,0.000200,Almost Exact,168.863,0.111794
1191,3.688855,0.049430,0.562859,0.700000,1000,0.001000,Euler,2.240,0.098649
1192,3.688855,0.049430,0.562859,0.700000,1000,0.001000,Almost Exact,40.415,0.100761
1193,3.688855,0.049430,0.562859,0.700000,300,0.003333,Euler,0.718,0.097523
1194,3.688855,0.049430,0.562859,0.700000,300,0.003333,Almost Exact,13.698,0.097778
1195,3.688855,0.049430,0.562859,0.700000,100,0.010000,Euler,0.245,0.098876
1196,3.688855,0.049430,0.562859,0.700000,100,0.010000,Almost Exact,4.467,0.098548
1197,3.688855,0.049430,0.562859,0.700000,60,0.016667,Euler,0.157,0.098826
1198,3.688855,0.049430,0.562859,0.700000,60,0.016667,Almost Exact,2.399,0.098262
1199,3.688855,0.049430,0.562859,0.700000,30,0.033333,Euler,0.095,0.098824
1200,3.688855,0.049430,0.562859,0.700000,30,0.033333,Almost Exact,0.745,0.099187
1201,5.851392,0.339477,0.329201,-0.700000,100000,0.000010,Euler,252.206,0.213613
1202,5.851392,0.339477,0.329201,-0.700000,100000,0.000010,Almost Exact,1222.450,0.211855
1203,5.851392,0.339477,0.329201,-0.700000,10000,0.000100,Euler,24.423,0.212610
1204,5.851392,0.339477,0.329201,-0.700000,10000,0.000100,Almost Exact,121.975,0.214946
1205,5.851392,0.339477,0.329201,-0.700000,5000,0.000200,Euler,13.512,0.213615
1206,5.851392,0.339477,0.329201,-0.700000,5000,0.000200,Almost Exact,60.765,0.213219
1207,5.851392,0.339477,0.329201,-0.700000,1000,0.001000,Euler,2.368,0.213045
1208,5.851392,0.339477,0.329201,-0.700000,1000,0.001000,Almost Exact,17.635,0.209288
1209,5.851392,0.339477,0.329201,-0.700000,300,0.003333,Euler,0.820,0.212367
1210,5.851392,0.339477,0.329201,-0.700000,300,0.003333,Almost Exact,7.022,0.209514
1211,5.851392,0.339477,0.329201,-0.700000,100,0.010000,Euler,0.245,0.212348
1212,5.851392,0.339477,0.329201,-0.700000,100,0.010000,Almost Exact,2.363,0.221582
1213,5.851392,0.339477,0.329201,-0.700000,60,0.016667,Euler,0.162,0.213546
1214,5.851392,0.339477,0.329201,-0.700000,60,0.016667,Almost Exact,1.424,0.228218
1215,5.851392,0.339477,0.329201,-0.700000,30,0.033333,Euler,0.090,0.213486
1216,5.851392,0.339477,0.329201,-0.700000,30,0.033333,Almost Exact,0.788,0.245484
1217,5.851392,0.339477,0.329201,-0.300000,100000,0.000010,Euler,268.275,0.212715
1218,5.851392,0.339477,0.329201,-0.300000,100000,0.000010,Almost Exact,1220.417,0.215024
1219,5.851392,0.339477,0.329201,-0.300000,10000,0.000100,Euler,26.007,0.212876
1220,5.851392,0.339477,0.329201,-0.300000,10000,0.000100,Almost Exact,121.933,0.213987
1221,5.851392,0.339477,0.329201,-0.300000,5000,0.000200,Euler,14.356,0.213523
1222,5.851392,0.339477,0.329201,-0.300000,5000,0.000200,Almost Exact,61.984,0.214454
1223,5.851392,0.339477,0.329201,-0.300000,1000,0.001000,Euler,2.416,0.212823
1224,5.851392,0.339477,0.329201,-0.300000,1000,0.001000,Almost Exact,17.951,0.211887
1225,5.851392,0.339477,0.329201,-0.300000,300,0.003333,Euler,0.846,0.214515
1226,5.851392,0.339477,0.329201,-0.300000,300,0.003333,Almost Exact,7.151,0.213075
1227,5.851392,0.339477,0.329201,-0.300000,100,0.010000,Euler,0.250,0.214812
1228,5.851392,0.339477,0.329201,-0.300000,100,0.010000,Almost Exact,2.409,0.217117
1229,5.851392,0.339477,0.329201,-0.300000,60,0.016667,Euler,0.164,0.213951
1230,5.851392,0.339477,0.329201,-0.300000,60,0.016667,Almost Exact,1.455,0.219209
1231,5.851392,0.339477,0.329201,-0.300000,30,0.033333,Euler,0.094,0.215059
1232,5.851392,0.339477,0.329201,-0.300000,30,0.033333,Almost Exact,0.801,0.227026
1233,5.851392,0.339477,0.329201,0.000000,100000,0.000010,Euler,268.646,0.215945
1234,5.851392,0.339477,0.329201,0.000000,100000,0.000010,Almost Exact,1221.546,0.216594
1235,5.851392,0.339477,0.329201,0.000000,10000,0.000100,Euler,25.980,0.215199
1236,5.851392,0.339477,0.329201,0.000000,10000,0.000100,Almost Exact,121.938,0.215257
1237,5.851392,0.339477,0.329201,0.000000,5000,0.000200,Euler,12.704,0.213292
1238,5.851392,0.339477,0.329201,0.000000,5000,0.000200,Almost Exact,61.489,0.215362
1239,5.851392,0.339477,0.329201,0.000000,1000,0.001000,Euler,2.379,0.214099
1240,5.851392,0.339477,0.329201,0.000000,1000,0.001000,Almost Exact,17.783,0.214533
1241,5.851392,0.339477,0.329201,0.000000,300,0.003333,Euler,0.872,0.214586
1242,5.851392,0.339477,0.329201,0.000000,300,0.003333,Almost Exact,7.048,0.215540
1243,5.851392,0.339477,0.329201,0.000000,100,0.010000,Euler,0.247,0.216564
1244,5.851392,0.339477,0.329201,0.000000,100,0.010000,Almost Exact,2.376,0.215708
1245,5.851392,0.339477,0.329201,0.000000,60,0.016667,Euler,0.165,0.215974
1246,5.851392,0.339477,0.329201,0.000000,60,0.016667,Almost Exact,1.446,0.215289
1247,5.851392,0.339477,0.329201,0.000000,30,0.033333,Euler,0.094,0.215631
1248,5.851392,0.339477,0.329201,0.000000,30,0.033333,Almost Exact,0.792,0.213564
1249,5.851392,0.339477,0.329201,0.300000,100000,0.000010,Euler,252.590,0.214844
1250,5.851392,0.339477,0.329201,0.300000,100000,0.000010,Almost Exact,1220.784,0.217783
1251,5.851392,0.339477,0.329201,0.300000,10000,0.000100,Euler,24.440,0.214703
1252,5.851392,0.339477,0.329201,0.300000,10000,0.000100,Almost Exact,121.975,0.216086
1253,5.851392,0.339477,0.329201,0.300000,5000,0.000200,Euler,14.142,0.215482
1254,5.851392,0.339477,0.329201,0.300000,5000,0.000200,Almost Exact,61.053,0.214407
1255,5.851392,0.339477,0.329201,0.300000,1000,0.001000,Euler,2.381,0.216767
1256,5.851392,0.339477,0.329201,0.300000,1000,0.001000,Almost Exact,18.687,0.216778
1257,5.851392,0.339477,0.329201,0.300000,300,0.003333,Euler,0.871,0.215977
1258,5.851392,0.339477,0.329201,0.300000,300,0.003333,Almost Exact,7.023,0.219271
1259,5.851392,0.339477,0.329201,0.300000,100,0.010000,Euler,0.246,0.217259
1260,5.851392,0.339477,0.329201,0.300000,100,0.010000,Almost Exact,2.357,0.210999
1261,5.851392,0.339477,0.329201,0.300000,60,0.016667,Euler,0.165,0.216538
1262,5.851392,0.339477,0.329201,0.300000,60,0.016667,Almost Exact,1.438,0.208076
1263,5.851392,0.339477,0.329201,0.300000,30,0.033333,Euler,0.092,0.217224
1264,5.851392,0.339477,0.329201,0.300000,30,0.033333,Almost Exact,0.787,0.200363
1265,5.851392,0.339477,0.329201,0.700000,100000,0.000010,Euler,252.637,0.215895
1266,5.851392,0.339477,0.329201,0.700000,100000,0.000010,Almost Exact,1222.399,0.219504
1267,5.851392,0.339477,0.329201,0.700000,10000,0.000100,Euler,27.635,0.219068
1268,5.851392,0.339477,0.329201,0.700000,10000,0.000100,Almost Exact,122.081,0.215394
1269,5.851392,0.339477,0.329201,0.700000,5000,0.000200,Euler,12.706,0.217251
1270,5.851392,0.339477,0.329201,0.700000,5000,0.000200,Almost Exact,61.994,0.217393
1271,5.851392,0.339477,0.329201,0.700000,1000,0.001000,Euler,2.413,0.217539
1272,5.851392,0.339477,0.329201,0.700000,1000,0.001000,Almost Exact,17.996,0.217141
1273,5.851392,0.339477,0.329201,0.700000,300,0.003333,Euler,0.885,0.215624
1274,5.851392,0.339477,0.329201,0.700000,300,0.003333,Almost Exact,7.069,0.221742
1275,5.851392,0.339477,0.329201,0.700000,100,0.010000,Euler,0.259,0.217668
1276,5.851392,0.339477,0.329201,0.700000,100,0.010000,Almost Exact,2.353,0.207969
1277,5.851392,0.339477,0.329201,0.700000,60,0.016667,Euler,0.161,0.215757
1278,5.851392,0.339477,0.329201,0.700000,60,0.016667,Almost Exact,1.421,0.201167
1279,5.851392,0.339477,0.329201,0.700000,30,0.033333,Euler,0.092,0.219388
1280,5.851392,0.339477,0.329201,0.700000,30,0.033333,Almost Exact,0.784,0.185052
1281,5.687974,0.240124,0.118827,-0.700000,100000,0.000010,Euler,269.245,0.183192
1282,5.687974,0.240124,0.118827,-0.700000,100000,0.000010,Almost Exact,1221.785,0.185392
1283,5.687974,0.240124,0.118827,-0.700000,10000,0.000100,Euler,25.984,0.183523
1284,5.687974,0.240124,0.118827,-0.700000,10000,0.000100,Almost Exact,121.960,0.183208
1285,5.687974,0.240124,0.118827,-0.700000,5000,0.000200,Euler,12.703,0.183612
1286,5.687974,0.240124,0.118827,-0.700000,5000,0.000200,Almost Exact,61.038,0.183719
1287,5.687974,0.240124,0.118827,-0.700000,1000,0.001000,Euler,2.379,0.183679
1288,5.687974,0.240124,0.118827,-0.700000,1000,0.001000,Almost Exact,12.242,0.184921
1289,5.687974,0.240124,0.118827,-0.700000,300,0.003333,Euler,0.776,0.182515
1290,5.687974,0.240124,0.118827,-0.700000,300,0.003333,Almost Exact,3.694,0.188186
1291,5.687974,0.240124,0.118827,-0.700000,100,0.010000,Euler,0.259,0.184226
1292,5.687974,0.240124,0.118827,-0.700000,100,0.010000,Almost Exact,2.397,0.190796
1293,5.687974,0.240124,0.118827,-0.700000,60,0.016667,Euler,0.157,0.182333
1294,5.687974,0.240124,0.118827,-0.700000,60,0.016667,Almost Exact,1.445,0.202799
1295,5.687974,0.240124,0.118827,-0.700000,30,0.033333,Euler,0.093,0.184106
1296,5.687974,0.240124,0.118827,-0.700000,30,0.033333,Almost Exact,0.766,0.231764
1297,5.687974,0.240124,0.118827,-0.300000,100000,0.000010,Euler,269.194,0.182777
1298,5.687974,0.240124,0.118827,-0.300000,100000,0.000010,Almost Exact,1219.636,0.184782
1299,5.687974,0.240124,0.118827,-0.300000,10000,0.000100,Euler,25.969,0.183529
1300,5.687974,0.240124,0.118827,-0.300000,10000,0.000100,Almost Exact,121.993,0.183905
1301,5.687974,0.240124,0.118827,-0.300000,5000,0.000200,Euler,14.356,0.182588
1302,5.687974,0.240124,0.118827,-0.300000,5000,0.000200,Almost Exact,61.995,0.182989
1303,5.687974,0.240124,0.118827,-0.300000,1000,0.001000,Euler,2.413,0.182982
1304,5.687974,0.240124,0.118827,-0.300000,1000,0.001000,Almost Exact,12.421,0.183115
1305,5.687974,0.240124,0.118827,-0.300000,300,0.003333,Euler,0.833,0.182398
1306,5.687974,0.240124,0.118827,-0.300000,300,0.003333,Almost Exact,3.748,0.184232
1307,5.687974,0.240124,0.118827,-0.300000,100,0.010000,Euler,0.250,0.184133
1308,5.687974,0.240124,0.118827,-0.300000,100,0.010000,Almost Exact,2.428,0.185602
1309,5.687974,0.240124,0.118827,-0.300000,60,0.016667,Euler,0.164,0.183651
1310,5.687974,0.240124,0.118827,-0.300000,60,0.016667,Almost Exact,1.467,0.192470
1311,5.687974,0.240124,0.118827,-0.300000,30,0.033333,Euler,0.095,0.183618
1312,5.687974,0.240124,0.118827,-0.300000,30,0.033333,Almost Exact,0.747,0.203127
1313,5.687974,0.240124,0.118827,0.000000,100000,0.000010,Euler,253.286,0.184511
1314,5.687974,0.240124,0.118827,0.000000,100000,0.000010,Almost Exact,1221.671,0.182355
1315,5.687974,0.240124,0.118827,0.000000,10000,0.000100,Euler,24.419,0.182518
1316,5.687974,0.240124,0.118827,0.000000,10000,0.000100,Almost Exact,122.047,0.183858
1317,5.687974,0.240124,0.118827,0.000000,5000,0.000200,Euler,14.354,0.183841
1318,5.687974,0.240124,0.118827,0.000000,5000,0.000200,Almost Exact,62.000,0.183140
1319,5.687974,0.240124,0.118827,0.000000,1000,0.001000,Euler,2.414,0.183436
1320,5.687974,0.240124,0.118827,0.000000,1000,0.001000,Almost Exact,12.380,0.183284
1321,5.687974,0.240124,0.118827,0.000000,300,0.003333,Euler,0.824,0.182950
1322,5.687974,0.240124,0.118827,0.000000,300,0.003333,Almost Exact,3.695,0.183308
1323,5.687974,0.240124,0.118827,0.000000,100,0.010000,Euler,0.258,0.184561
1324,5.687974,0.240124,0.118827,0.000000,100,0.010000,Almost Exact,2.404,0.182960
1325,5.687974,0.240124,0.118827,0.000000,60,0.016667,Euler,0.156,0.183641
1326,5.687974,0.240124,0.118827,0.000000,60,0.016667,Almost Exact,1.440,0.183915
1327,5.687974,0.240124,0.118827,0.000000,30,0.033333,Euler,0.093,0.183636
1328,5.687974,0.240124,0.118827,0.000000,30,0.033333,Almost Exact,0.737,0.182190
1329,5.687974,0.240124,0.118827,0.300000,100000,0.000010,Euler,269.274,0.183844
1330,5.687974,0.240124,0.118827,0.300000,100000,0.000010,Almost Exact,1222.812,0.182810
1331,5.687974,0.240124,0.118827,0.300000,10000,0.000100,Euler,25.990,0.185431
1332,5.687974,0.240124,0.118827,0.300000,10000,0.000100,Almost Exact,122.223,0.183756
1333,5.687974,0.240124,0.118827,0.300000,5000,0.000200,Euler,12.705,0.184446
1334,5.687974,0.240124,0.118827,0.300000,5000,0.000200,Almost Exact,60.771,0.184756
1335,5.687974,0.240124,0.118827,0.300000,1000,0.001000,Euler,2.289,0.184414
1336,5.687974,0.240124,0.118827,0.300000,1000,0.001000,Almost Exact,12.244,0.182878
1337,5.687974,0.240124,0.118827,0.300000,300,0.003333,Euler,0.731,0.183836
1338,5.687974,0.240124,0.118827,0.300000,300,0.003333,Almost Exact,3.692,0.180203
1339,5.687974,0.240124,0.118827,0.300000,100,0.010000,Euler,0.257,0.183396
1340,5.687974,0.240124,0.118827,0.300000,100,0.010000,Almost Exact,2.390,0.179612
1341,5.687974,0.240124,0.118827,0.300000,60,0.016667,Euler,0.162,0.183298
1342,5.687974,0.240124,0.118827,0.300000,60,0.016667,Almost Exact,1.442,0.174763
1343,5.687974,0.240124,0.118827,0.300000,30,0.033333,Euler,0.094,0.184993
1344,5.687974,0.240124,0.118827,0.300000,30,0.033333,Almost Exact,0.734,0.163369
1345,5.687974,0.240124,0.118827,0.700000,100000,0.000010,Euler,269.039,0.185648
1346,5.687974,0.240124,0.118827,0.700000,100000,0.000010,Almost Exact,1219.672,0.180357
1347,5.687974,0.240124,0.118827,0.700000,10000,0.000100,Euler,26.001,0.184653
1348,5.687974,0.240124,0.118827,0.700000,10000,0.000100,Almost Exact,122.091,0.183256
1349,5.687974,0.240124,0.118827,0.700000,5000,0.000200,Euler,12.705,0.183679
1350,5.687974,0.240124,0.118827,0.700000,5000,0.000200,Almost Exact,62.010,0.183494
1351,5.687974,0.240124,0.118827,0.700000,1000,0.001000,Euler,2.323,0.184016
1352,5.687974,0.240124,0.118827,0.700000,1000,0.001000,Almost Exact,12.429,0.181351
1353,5.687974,0.240124,0.118827,0.700000,300,0.003333,Euler,0.895,0.184723
1354,5.687974,0.240124,0.118827,0.700000,300,0.003333,Almost Exact,3.746,0.179086
1355,5.687974,0.240124,0.118827,0.700000,100,0.010000,Euler,0.264,0.185125
1356,5.687974,0.240124,0.118827,0.700000,100,0.010000,Almost Exact,2.432,0.174591
1357,5.687974,0.240124,0.118827,0.700000,60,0.016667,Euler,0.166,0.184554
1358,5.687974,0.240124,0.118827,0.700000,60,0.016667,Almost Exact,1.460,0.162321
1359,5.687974,0.240124,0.118827,0.700000,30,0.033333,Euler,0.094,0.185028
1360,5.687974,0.240124,0.118827,0.700000,30,0.033333,Almost Exact,0.750,0.139749
1361,4.622614,0.324362,0.666882,-0.700000,100000,0.000010,Euler,269.859,0.202641
1362,4.622614,0.324362,0.666882,-0.700000,100000,0.000010,Almost Exact,1221.419,0.201184
1363,4.622614,0.324362,0.666882,-0.700000,10000,0.000100,Euler,24.443,0.201493
1364,4.622614,0.324362,0.666882,-0.700000,10000,0.000100,Almost Exact,149.211,0.200954
1365,4.622614,0.324362,0.666882,-0.700000,5000,0.000200,Euler,12.467,0.202046
1366,4.622614,0.324362,0.666882,-0.700000,5000,0.000200,Almost Exact,116.591,0.194086
1367,4.622614,0.324362,0.666882,-0.700000,1000,0.001000,Euler,2.342,0.200977
1368,4.622614,0.324362,0.666882,-0.700000,1000,0.001000,Almost Exact,23.059,0.195308
1369,4.622614,0.324362,0.666882,-0.700000,300,0.003333,Euler,0.808,0.203280
1370,4.622614,0.324362,0.666882,-0.700000,300,0.003333,Almost Exact,7.079,0.201346
1371,4.622614,0.324362,0.666882,-0.700000,100,0.010000,Euler,0.242,0.202387
1372,4.622614,0.324362,0.666882,-0.700000,100,0.010000,Almost Exact,4.518,0.203836
1373,4.622614,0.324362,0.666882,-0.700000,60,0.016667,Euler,0.155,0.201873
1374,4.622614,0.324362,0.666882,-0.700000,60,0.016667,Almost Exact,2.944,0.206223
1375,4.622614,0.324362,0.666882,-0.700000,30,0.033333,Euler,0.090,0.203256
1376,4.622614,0.324362,0.666882,-0.700000,30,0.033333,Almost Exact,1.170,0.210749
1377,4.622614,0.324362,0.666882,-0.300000,100000,0.000010,Euler,268.813,0.204217
1378,4.622614,0.324362,0.666882,-0.300000,100000,0.000010,Almost Exact,1220.897,0.204671
1379,4.622614,0.324362,0.666882,-0.300000,10000,0.000100,Euler,24.440,0.203869
1380,4.622614,0.324362,0.666882,-0.300000,10000,0.000100,Almost Exact,149.142,0.203799
1381,4.622614,0.324362,0.666882,-0.300000,5000,0.000200,Euler,13.315,0.204264
1382,4.622614,0.324362,0.666882,-0.300000,5000,0.000200,Almost Exact,116.935,0.201998
1383,4.622614,0.324362,0.666882,-0.300000,1000,0.001000,Euler,2.344,0.204223
1384,4.622614,0.324362,0.666882,-0.300000,1000,0.001000,Almost Exact,23.088,0.203324
1385,4.622614,0.324362,0.666882,-0.300000,300,0.003333,Euler,0.864,0.204309
1386,4.622614,0.324362,0.666882,-0.300000,300,0.003333,Almost Exact,7.071,0.204050
1387,4.622614,0.324362,0.666882,-0.300000,100,0.010000,Euler,0.253,0.205584
1388,4.622614,0.324362,0.666882,-0.300000,100,0.010000,Almost Exact,4.795,0.205118
1389,4.622614,0.324362,0.666882,-0.300000,60,0.016667,Euler,0.160,0.204020
1390,4.622614,0.324362,0.666882,-0.300000,60,0.016667,Almost Exact,2.942,0.205877
1391,4.622614,0.324362,0.666882,-0.300000,30,0.033333,Euler,0.093,0.204931
1392,4.622614,0.324362,0.666882,-0.300000,30,0.033333,Almost Exact,1.234,0.206866
1393,4.622614,0.324362,0.666882,0.000000,100000,0.000010,Euler,252.802,0.205616
1394,4.622614,0.324362,0.666882,0.000000,100000,0.000010,Almost Exact,1222.566,0.206596
1395,4.622614,0.324362,0.666882,0.000000,10000,0.000100,Euler,24.419,0.206211
1396,4.622614,0.324362,0.666882,0.000000,10000,0.000100,Almost Exact,148.628,0.207275
1397,4.622614,0.324362,0.666882,0.000000,5000,0.000200,Euler,14.068,0.205260
1398,4.622614,0.324362,0.666882,0.000000,5000,0.000200,Almost Exact,116.463,0.207871
1399,4.622614,0.324362,0.666882,0.000000,1000,0.001000,Euler,2.324,0.206174
1400,4.622614,0.324362,0.666882,0.000000,1000,0.001000,Almost Exact,22.839,0.208557
1401,4.622614,0.324362,0.666882,0.000000,300,0.003333,Euler,0.814,0.204575
1402,4.622614,0.324362,0.666882,0.000000,300,0.003333,Almost Exact,7.026,0.205701
1403,4.622614,0.324362,0.666882,0.000000,100,0.010000,Euler,0.250,0.206979
1404,4.622614,0.324362,0.666882,0.000000,100,0.010000,Almost Exact,4.731,0.206718
1405,4.622614,0.324362,0.666882,0.000000,60,0.016667,Euler,0.161,0.205411
1406,4.622614,0.324362,0.666882,0.000000,60,0.016667,Almost Exact,2.917,0.205298
1407,4.622614,0.324362,0.666882,0.000000,30,0.033333,Euler,0.093,0.207490
1408,4.622614,0.324362,0.666882,0.000000,30,0.033333,Almost Exact,1.168,0.203709
1409,4.622614,0.324362,0.666882,0.300000,100000,0.000010,Euler,267.783,0.206110
1410,4.622614,0.324362,0.666882,0.300000,100000,0.000010,Almost Exact,1220.706,0.207854
1411,4.622614,0.324362,0.666882,0.300000,10000,0.000100,Euler,24.426,0.208095
1412,4.622614,0.324362,0.666882,0.300000,10000,0.000100,Almost Exact,149.192,0.208939
1413,4.622614,0.324362,0.666882,0.300000,5000,0.000200,Euler,14.087,0.208335
1414,4.622614,0.324362,0.666882,0.300000,5000,0.000200,Almost Exact,116.684,0.210737
1415,4.622614,0.324362,0.666882,0.300000,1000,0.001000,Euler,2.331,0.207744
1416,4.622614,0.324362,0.666882,0.300000,1000,0.001000,Almost Exact,22.975,0.214553
1417,4.622614,0.324362,0.666882,0.300000,300,0.003333,Euler,0.858,0.207476
1418,4.622614,0.324362,0.666882,0.300000,300,0.003333,Almost Exact,7.050,0.207906
1419,4.622614,0.324362,0.666882,0.300000,100,0.010000,Euler,0.253,0.206299
1420,4.622614,0.324362,0.666882,0.300000,100,0.010000,Almost Exact,4.515,0.205770
1421,4.622614,0.324362,0.666882,0.300000,60,0.016667,Euler,0.161,0.209005
1422,4.622614,0.324362,0.666882,0.300000,60,0.016667,Almost Exact,2.937,0.205134
1423,4.622614,0.324362,0.666882,0.300000,30,0.033333,Euler,0.091,0.208944
1424,4.622614,0.324362,0.666882,0.300000,30,0.033333,Almost Exact,1.170,0.201163
1425,4.622614,0.324362,0.666882,0.700000,100000,0.000010,Euler,268.038,0.209591
1426,4.622614,0.324362,0.666882,0.700000,100000,0.000010,Almost Exact,1275.807,0.210358
1427,4.622614,0.324362,0.666882,0.700000,10000,0.000100,Euler,29.143,0.210351
1428,4.622614,0.324362,0.666882,0.700000,10000,0.000100,Almost Exact,193.026,0.209412
1429,4.622614,0.324362,0.666882,0.700000,5000,0.000200,Euler,13.180,0.208122
1430,4.622614,0.324362,0.666882,0.700000,5000,0.000200,Almost Exact,117.943,0.214841
1431,4.622614,0.324362,0.666882,0.700000,1000,0.001000,Euler,2.776,0.210020
1432,4.622614,0.324362,0.666882,0.700000,1000,0.001000,Almost Exact,29.160,0.223278
1433,4.622614,0.324362,0.666882,0.700000,300,0.003333,Euler,0.857,0.211105
1434,4.622614,0.324362,0.666882,0.700000,300,0.003333,Almost Exact,8.981,0.208292
1435,4.622614,0.324362,0.666882,0.700000,100,0.010000,Euler,0.378,0.210895
1436,4.622614,0.324362,0.666882,0.700000,100,0.010000,Almost Exact,5.752,0.206815
1437,4.622614,0.324362,0.666882,0.700000,60,0.016667,Euler,0.297,0.209079
1438,4.622614,0.324362,0.666882,0.700000,60,0.016667,Almost Exact,3.442,0.202408
1439,4.622614,0.324362,0.666882,0.700000,30,0.033333,Euler,0.231,0.211201
1440,4.622614,0.324362,0.666882,0.700000,30,0.033333,Almost Exact,1.175,0.195760
1441,2.089758,0.016380,0.123453,-0.700000,100000,0.000010,Euler,249.354,0.089648
1442,2.089758,0.016380,0.123453,-0.700000,100000,0.000010,Almost Exact,1264.389,0.089313
1443,2.089758,0.016380,0.123453,-0.700000,10000,0.000100,Euler,24.544,0.088905
1444,2.089758,0.016380,0.123453,-0.700000,10000,0.000100,Almost Exact,123.021,0.088794
1445,2.089758,0.016380,0.123453,-0.700000,5000,0.000200,Euler,13.518,0.088823
1446,2.089758,0.016380,0.123453,-0.700000,5000,0.000200,Almost Exact,63.588,0.089131
1447,2.089758,0.016380,0.123453,-0.700000,1000,0.001000,Euler,2.412,0.089263
1448,2.089758,0.016380,0.123453,-0.700000,1000,0.001000,Almost Exact,21.295,0.086740
1449,2.089758,0.016380,0.123453,-0.700000,300,0.003333,Euler,0.895,0.089413
1450,2.089758,0.016380,0.123453,-0.700000,300,0.003333,Almost Exact,7.462,0.086045
1451,2.089758,0.016380,0.123453,-0.700000,100,0.010000,Euler,0.267,0.089352
1452,2.089758,0.016380,0.123453,-0.700000,100,0.010000,Almost Exact,2.448,0.085953
1453,2.089758,0.016380,0.123453,-0.700000,60,0.016667,Euler,0.164,0.088927
1454,2.089758,0.016380,0.123453,-0.700000,60,0.016667,Almost Exact,1.572,0.084996
1455,2.089758,0.016380,0.123453,-0.700000,30,0.033333,Euler,0.093,0.090032
1456,2.089758,0.016380,0.123453,-0.700000,30,0.033333,Almost Exact,1.095,0.080929
1457,2.089758,0.016380,0.123453,-0.300000,100000,0.000010,Euler,269.852,0.089637
1458,2.089758,0.016380,0.123453,-0.300000,100000,0.000010,Almost Exact,1222.881,0.089942
1459,2.089758,0.016380,0.123453,-0.300000,10000,0.000100,Euler,24.435,0.089922
1460,2.089758,0.016380,0.123453,-0.300000,10000,0.000100,Almost Exact,122.733,0.089379
1461,2.089758,0.016380,0.123453,-0.300000,5000,0.000200,Euler,13.522,0.089521
1462,2.089758,0.016380,0.123453,-0.300000,5000,0.000200,Almost Exact,63.369,0.089410
1463,2.089758,0.016380,0.123453,-0.300000,1000,0.001000,Euler,2.389,0.089790
1464,2.089758,0.016380,0.123453,-0.300000,1000,0.001000,Almost Exact,21.135,0.089485
1465,2.089758,0.016380,0.123453,-0.300000,300,0.003333,Euler,0.824,0.089794
1466,2.089758,0.016380,0.123453,-0.300000,300,0.003333,Almost Exact,7.385,0.088190
1467,2.089758,0.016380,0.123453,-0.300000,100,0.010000,Euler,0.247,0.089982
1468,2.089758,0.016380,0.123453,-0.300000,100,0.010000,Almost Exact,2.408,0.088635
1469,2.089758,0.016380,0.123453,-0.300000,60,0.016667,Euler,0.165,0.089692
1470,2.089758,0.016380,0.123453,-0.300000,60,0.016667,Almost Exact,1.584,0.088705
1471,2.089758,0.016380,0.123453,-0.300000,30,0.033333,Euler,0.092,0.089843
1472,2.089758,0.016380,0.123453,-0.300000,30,0.033333,Almost Exact,1.025,0.087353
1473,2.089758,0.016380,0.123453,0.000000,100000,0.000010,Euler,269.602,0.089628
1474,2.089758,0.016380,0.123453,0.000000,100000,0.000010,Almost Exact,1224.771,0.090475
1475,2.089758,0.016380,0.123453,0.000000,10000,0.000100,Euler,24.449,0.089898
1476,2.089758,0.016380,0.123453,0.000000,10000,0.000100,Almost Exact,123.030,0.089911
1477,2.089758,0.016380,0.123453,0.000000,5000,0.000200,Euler,12.702,0.089609
1478,2.089758,0.016380,0.123453,0.000000,5000,0.000200,Almost Exact,63.726,0.089811
1479,2.089758,0.016380,0.123453,0.000000,1000,0.001000,Euler,2.414,0.089284
1480,2.089758,0.016380,0.123453,0.000000,1000,0.001000,Almost Exact,21.315,0.090239
1481,2.089758,0.016380,0.123453,0.000000,300,0.003333,Euler,0.834,0.089554
1482,2.089758,0.016380,0.123453,0.000000,300,0.003333,Almost Exact,7.457,0.090606
1483,2.089758,0.016380,0.123453,0.000000,100,0.010000,Euler,0.250,0.090048
1484,2.089758,0.016380,0.123453,0.000000,100,0.010000,Almost Exact,2.453,0.090252
1485,2.089758,0.016380,0.123453,0.000000,60,0.016667,Euler,0.165,0.090328
1486,2.089758,0.016380,0.123453,0.000000,60,0.016667,Almost Exact,1.557,0.090405
1487,2.089758,0.016380,0.123453,0.000000,30,0.033333,Euler,0.091,0.090723
1488,2.089758,0.016380,0.123453,0.000000,30,0.033333,Almost Exact,1.032,0.091463
1489,2.089758,0.016380,0.123453,0.300000,100000,0.000010,Euler,269.911,0.090333
1490,2.089758,0.016380,0.123453,0.300000,100000,0.000010,Almost Exact,1230.107,0.090099
1491,2.089758,0.016380,0.123453,0.300000,10000,0.000100,Euler,26.007,0.090076
1492,2.089758,0.016380,0.123453,0.300000,10000,0.000100,Almost Exact,122.418,0.090580
1493,2.089758,0.016380,0.123453,0.300000,5000,0.000200,Euler,12.704,0.090241
1494,2.089758,0.016380,0.123453,0.300000,5000,0.000200,Almost Exact,63.637,0.090557
1495,2.089758,0.016380,0.123453,0.300000,1000,0.001000,Euler,2.414,0.090090
1496,2.089758,0.016380,0.123453,0.300000,1000,0.001000,Almost Exact,21.097,0.090894
1497,2.089758,0.016380,0.123453,0.300000,300,0.003333,Euler,0.837,0.090358
1498,2.089758,0.016380,0.123453,0.300000,300,0.003333,Almost Exact,7.396,0.092050
1499,2.089758,0.016380,0.123453,0.300000,100,0.010000,Euler,0.262,0.090257
1500,2.089758,0.016380,0.123453,0.300000,100,0.010000,Almost Exact,2.559,0.091954
1501,2.089758,0.016380,0.123453,0.300000,60,0.016667,Euler,0.164,0.089854
1502,2.089758,0.016380,0.123453,0.300000,60,0.016667,Almost Exact,1.567,0.091997
1503,2.089758,0.016380,0.123453,0.300000,30,0.033333,Euler,0.093,0.090363
1504,2.089758,0.016380,0.123453,0.300000,30,0.033333,Almost Exact,1.028,0.094479
1505,2.089758,0.016380,0.123453,0.700000,100000,0.000010,Euler,269.757,0.090559
1506,2.089758,0.016380,0.123453,0.700000,100000,0.000010,Almost Exact,1230.620,0.090283
1507,2.089758,0.016380,0.123453,0.700000,10000,0.000100,Euler,25.989,0.090427
1508,2.089758,0.016380,0.123453,0.700000,10000,0.000100,Almost Exact,122.330,0.090760
1509,2.089758,0.016380,0.123453,0.700000,5000,0.000200,Euler,13.297,0.089916
1510,2.089758,0.016380,0.123453,0.700000,5000,0.000200,Almost Exact,62.650,0.090005
1511,2.089758,0.016380,0.123453,0.700000,1000,0.001000,Euler,2.299,0.090202
1512,2.089758,0.016380,0.123453,0.700000,1000,0.001000,Almost Exact,21.086,0.091227
1513,2.089758,0.016380,0.123453,0.700000,300,0.003333,Euler,0.706,0.090620
1514,2.089758,0.016380,0.123453,0.700000,300,0.003333,Almost Exact,7.389,0.095059
1515,2.089758,0.016380,0.123453,0.700000,100,0.010000,Euler,0.247,0.090059
1516,2.089758,0.016380,0.123453,0.700000,100,0.010000,Almost Exact,2.410,0.093201
1517,2.089758,0.016380,0.123453,0.700000,60,0.016667,Euler,0.163,0.090590
1518,2.089758,0.016380,0.123453,0.700000,60,0.016667,Almost Exact,1.560,0.094315
1519,2.089758,0.016380,0.123453,0.700000,30,0.033333,Euler,0.092,0.091153
1520,2.089758,0.016380,0.123453,0.700000,30,0.033333,Almost Exact,1.028,0.097369
1521,3.169112,0.338731,0.147468,-0.700000,100000,0.000010,Euler,269.573,0.203002
1522,3.169112,0.338731,0.147468,-0.700000,100000,0.000010,Almost Exact,1228.252,0.198287
1523,3.169112,0.338731,0.147468,-0.700000,10000,0.000100,Euler,25.976,0.202701
1524,3.169112,0.338731,0.147468,-0.700000,10000,0.000100,Almost Exact,122.206,0.202481
1525,3.169112,0.338731,0.147468,-0.700000,5000,0.000200,Euler,14.357,0.202664
1526,3.169112,0.338731,0.147468,-0.700000,5000,0.000200,Almost Exact,61.991,0.204153
1527,3.169112,0.338731,0.147468,-0.700000,1000,0.001000,Euler,2.420,0.203523
1528,3.169112,0.338731,0.147468,-0.700000,1000,0.001000,Almost Exact,12.425,0.203443
1529,3.169112,0.338731,0.147468,-0.700000,300,0.003333,Euler,0.891,0.202344
1530,3.169112,0.338731,0.147468,-0.700000,300,0.003333,Almost Exact,4.221,0.204565
1531,3.169112,0.338731,0.147468,-0.700000,100,0.010000,Euler,0.255,0.201729
1532,3.169112,0.338731,0.147468,-0.700000,100,0.010000,Almost Exact,2.361,0.207187
1533,3.169112,0.338731,0.147468,-0.700000,60,0.016667,Euler,0.154,0.201942
1534,3.169112,0.338731,0.147468,-0.700000,60,0.016667,Almost Exact,1.428,0.215235
1535,3.169112,0.338731,0.147468,-0.700000,30,0.033333,Euler,0.092,0.203492
1536,3.169112,0.338731,0.147468,-0.700000,30,0.033333,Almost Exact,0.727,0.236468
1537,3.169112,0.338731,0.147468,-0.300000,100000,0.000010,Euler,269.040,0.201929
1538,3.169112,0.338731,0.147468,-0.300000,100000,0.000010,Almost Exact,1226.278,0.202756
1539,3.169112,0.338731,0.147468,-0.300000,10000,0.000100,Euler,24.446,0.203319
1540,3.169112,0.338731,0.147468,-0.300000,10000,0.000100,Almost Exact,122.066,0.204993
1541,3.169112,0.338731,0.147468,-0.300000,5000,0.000200,Euler,14.357,0.203313
1542,3.169112,0.338731,0.147468,-0.300000,5000,0.000200,Almost Exact,61.332,0.202999
1543,3.169112,0.338731,0.147468,-0.300000,1000,0.001000,Euler,2.365,0.204228
1544,3.169112,0.338731,0.147468,-0.300000,1000,0.001000,Almost Exact,12.185,0.203349
1545,3.169112,0.338731,0.147468,-0.300000,300,0.003333,Euler,0.829,0.203379
1546,3.169112,0.338731,0.147468,-0.300000,300,0.003333,Almost Exact,4.167,0.205231
1547,3.169112,0.338731,0.147468,-0.300000,100,0.010000,Euler,0.246,0.202287
1548,3.169112,0.338731,0.147468,-0.300000,100,0.010000,Almost Exact,2.369,0.204849
1549,3.169112,0.338731,0.147468,-0.300000,60,0.016667,Euler,0.162,0.202761
1550,3.169112,0.338731,0.147468,-0.300000,60,0.016667,Almost Exact,1.430,0.209140
1551,3.169112,0.338731,0.147468,-0.300000,30,0.033333,Euler,0.093,0.203455
1552,3.169112,0.338731,0.147468,-0.300000,30,0.033333,Almost Exact,0.726,0.217467
1553,3.169112,0.338731,0.147468,0.000000,100000,0.000010,Euler,269.475,0.205355
1554,3.169112,0.338731,0.147468,0.000000,100000,0.000010,Almost Exact,1229.402,0.202971
1555,3.169112,0.338731,0.147468,0.000000,10000,0.000100,Euler,24.419,0.202089
1556,3.169112,0.338731,0.147468,0.000000,10000,0.000100,Almost Exact,122.096,0.203457
1557,3.169112,0.338731,0.147468,0.000000,5000,0.000200,Euler,14.226,0.203014
1558,3.169112,0.338731,0.147468,0.000000,5000,0.000200,Almost Exact,60.906,0.201809
1559,3.169112,0.338731,0.147468,0.000000,1000,0.001000,Euler,2.290,0.204323
1560,3.169112,0.338731,0.147468,0.000000,1000,0.001000,Almost Exact,12.240,0.201734
1561,3.169112,0.338731,0.147468,0.000000,300,0.003333,Euler,0.731,0.203077
1562,3.169112,0.338731,0.147468,0.000000,300,0.003333,Almost Exact,4.183,0.203081
1563,3.169112,0.338731,0.147468,0.000000,100,0.010000,Euler,0.247,0.202336
1564,3.169112,0.338731,0.147468,0.000000,100,0.010000,Almost Exact,2.386,0.203224
1565,3.169112,0.338731,0.147468,0.000000,60,0.016667,Euler,0.155,0.204246
1566,3.169112,0.338731,0.147468,0.000000,60,0.016667,Almost Exact,1.445,0.203330
1567,3.169112,0.338731,0.147468,0.000000,30,0.033333,Euler,0.093,0.204820
1568,3.169112,0.338731,0.147468,0.000000,30,0.033333,Almost Exact,0.736,0.201871
1569,3.169112,0.338731,0.147468,0.300000,100000,0.000010,Euler,268.970,0.203891
1570,3.169112,0.338731,0.147468,0.300000,100000,0.000010,Almost Exact,1229.745,0.204448
1571,3.169112,0.338731,0.147468,0.300000,10000,0.000100,Euler,24.415,0.204135
1572,3.169112,0.338731,0.147468,0.300000,10000,0.000100,Almost Exact,122.167,0.203834
1573,3.169112,0.338731,0.147468,0.300000,5000,0.000200,Euler,12.706,0.203364
1574,3.169112,0.338731,0.147468,0.300000,5000,0.000200,Almost Exact,61.996,0.203908
1575,3.169112,0.338731,0.147468,0.300000,1000,0.001000,Euler,2.323,0.204013
1576,3.169112,0.338731,0.147468,0.300000,1000,0.001000,Almost Exact,12.428,0.202988
1577,3.169112,0.338731,0.147468,0.300000,300,0.003333,Euler,0.887,0.204806
1578,3.169112,0.338731,0.147468,0.300000,300,0.003333,Almost Exact,4.239,0.202541
1579,3.169112,0.338731,0.147468,0.300000,100,0.010000,Euler,0.249,0.203874
1580,3.169112,0.338731,0.147468,0.300000,100,0.010000,Almost Exact,2.414,0.201623
1581,3.169112,0.338731,0.147468,0.300000,60,0.016667,Euler,0.166,0.204624
1582,3.169112,0.338731,0.147468,0.300000,60,0.016667,Almost Exact,1.467,0.198176
1583,3.169112,0.338731,0.147468,0.300000,30,0.033333,Euler,0.096,0.204711
1584,3.169112,0.338731,0.147468,0.300000,30,0.033333,Almost Exact,0.743,0.188170
1585,3.169112,0.338731,0.147468,0.700000,100000,0.000010,Euler,269.824,0.205582
1586,3.169112,0.338731,0.147468,0.700000,100000,0.000010,Almost Exact,1225.541,0.207888
1587,3.169112,0.338731,0.147468,0.700000,10000,0.000100,Euler,24.420,0.204825
1588,3.169112,0.338731,0.147468,0.700000,10000,0.000100,Almost Exact,122.204,0.204033
1589,3.169112,0.338731,0.147468,0.700000,5000,0.000200,Euler,12.705,0.204123
1590,3.169112,0.338731,0.147468,0.700000,5000,0.000200,Almost Exact,61.919,0.203615
1591,3.169112,0.338731,0.147468,0.700000,1000,0.001000,Euler,2.404,0.203248
1592,3.169112,0.338731,0.147468,0.700000,1000,0.001000,Almost Exact,12.349,0.203475
1593,3.169112,0.338731,0.147468,0.700000,300,0.003333,Euler,0.837,0.204270
1594,3.169112,0.338731,0.147468,0.700000,300,0.003333,Almost Exact,4.196,0.201064
1595,3.169112,0.338731,0.147468,0.700000,100,0.010000,Euler,0.263,0.206222
1596,3.169112,0.338731,0.147468,0.700000,100,0.010000,Almost Exact,2.400,0.198157
1597,3.169112,0.338731,0.147468,0.700000,60,0.016667,Euler,0.164,0.204324
1598,3.169112,0.338731,0.147468,0.700000,60,0.016667,Almost Exact,1.457,0.189680
1599,3.169112,0.338731,0.147468,0.700000,30,0.033333,Euler,0.093,0.205396
1600,3.169112,0.338731,0.147468,0.700000,30,0.033333,Almost Exact,0.735,0.170566
1601,5.912461,0.044813,0.807595,-0.700000,100000,0.000010,Euler,271.735,0.087513
1602,5.912461,0.044813,0.807595,-0.700000,100000,0.000010,Almost Exact,2602.332,0.082338
1603,5.912461,0.044813,0.807595,-0.700000,10000,0.000100,Euler,26.031,0.087300
1604,5.912461,0.044813,0.807595,-0.700000,10000,0.000100,Almost Exact,419.761,0.079561
1605,5.912461,0.044813,0.807595,-0.700000,5000,0.000200,Euler,13.042,0.087278
1606,5.912461,0.044813,0.807595,-0.700000,5000,0.000200,Almost Exact,200.218,0.083950
1607,5.912461,0.044813,0.807595,-0.700000,1000,0.001000,Euler,2.355,0.087554
1608,5.912461,0.044813,0.807595,-0.700000,1000,0.001000,Almost Exact,45.429,0.086877
1609,5.912461,0.044813,0.807595,-0.700000,300,0.003333,Euler,0.832,0.087408
1610,5.912461,0.044813,0.807595,-0.700000,300,0.003333,Almost Exact,13.805,0.086491
1611,5.912461,0.044813,0.807595,-0.700000,100,0.010000,Euler,0.262,0.088106
1612,5.912461,0.044813,0.807595,-0.700000,100,0.010000,Almost Exact,3.678,0.086063
1613,5.912461,0.044813,0.807595,-0.700000,60,0.016667,Euler,0.170,0.088536
1614,5.912461,0.044813,0.807595,-0.700000,60,0.016667,Almost Exact,1.608,0.085292
1615,5.912461,0.044813,0.807595,-0.700000,30,0.033333,Euler,0.097,0.089755
1616,5.912461,0.044813,0.807595,-0.700000,30,0.033333,Almost Exact,0.577,0.083865
1617,5.912461,0.044813,0.807595,-0.300000,100000,0.000010,Euler,270.285,0.089279
1618,5.912461,0.044813,0.807595,-0.300000,100000,0.000010,Almost Exact,2747.235,0.087578
1619,5.912461,0.044813,0.807595,-0.300000,10000,0.000100,Euler,24.475,0.088836
1620,5.912461,0.044813,0.807595,-0.300000,10000,0.000100,Almost Exact,396.223,0.087178
1621,5.912461,0.044813,0.807595,-0.300000,5000,0.000200,Euler,13.859,0.088752
1622,5.912461,0.044813,0.807595,-0.300000,5000,0.000200,Almost Exact,201.206,0.088008
1623,5.912461,0.044813,0.807595,-0.300000,1000,0.001000,Euler,2.352,0.089202
1624,5.912461,0.044813,0.807595,-0.300000,1000,0.001000,Almost Exact,45.476,0.088842
1625,5.912461,0.044813,0.807595,-0.300000,300,0.003333,Euler,0.827,0.089568
1626,5.912461,0.044813,0.807595,-0.300000,300,0.003333,Almost Exact,13.808,0.088794
1627,5.912461,0.044813,0.807595,-0.300000,100,0.010000,Euler,0.263,0.089404
1628,5.912461,0.044813,0.807595,-0.300000,100,0.010000,Almost Exact,3.499,0.088411
1629,5.912461,0.044813,0.807595,-0.300000,60,0.016667,Euler,0.170,0.090326
1630,5.912461,0.044813,0.807595,-0.300000,60,0.016667,Almost Exact,1.602,0.088576
1631,5.912461,0.044813,0.807595,-0.300000,30,0.033333,Euler,0.098,0.091795
1632,5.912461,0.044813,0.807595,-0.300000,30,0.033333,Almost Exact,0.573,0.088353
1633,5.912461,0.044813,0.807595,0.000000,100000,0.000010,Euler,270.476,0.089638
1634,5.912461,0.044813,0.807595,0.000000,100000,0.000010,Almost Exact,2600.192,0.091354
1635,5.912461,0.044813,0.807595,0.000000,10000,0.000100,Euler,26.037,0.088860
1636,5.912461,0.044813,0.807595,0.000000,10000,0.000100,Almost Exact,420.951,0.092670
1637,5.912461,0.044813,0.807595,0.000000,5000,0.000200,Euler,13.862,0.090325
1638,5.912461,0.044813,0.807595,0.000000,5000,0.000200,Almost Exact,200.317,0.091794
1639,5.912461,0.044813,0.807595,0.000000,1000,0.001000,Euler,2.353,0.090291
1640,5.912461,0.044813,0.807595,0.000000,1000,0.001000,Almost Exact,45.426,0.090113
1641,5.912461,0.044813,0.807595,0.000000,300,0.003333,Euler,0.833,0.090799
1642,5.912461,0.044813,0.807595,0.000000,300,0.003333,Almost Exact,13.852,0.090443
1643,5.912461,0.044813,0.807595,0.000000,100,0.010000,Euler,0.261,0.090987
1644,5.912461,0.044813,0.807595,0.000000,100,0.010000,Almost Exact,3.519,0.090561
1645,5.912461,0.044813,0.807595,0.000000,60,0.016667,Euler,0.168,0.091120
1646,5.912461,0.044813,0.807595,0.000000,60,0.016667,Almost Exact,1.605,0.090238
1647,5.912461,0.044813,0.807595,0.000000,30,0.033333,Euler,0.094,0.092858
1648,5.912461,0.044813,0.807595,0.000000,30,0.033333,Almost Exact,0.579,0.090849
1649,5.912461,0.044813,0.807595,0.300000,100000,0.000010,Euler,253.780,0.090043
1650,5.912461,0.044813,0.807595,0.300000,100000,0.000010,Almost Exact,2594.701,0.092840
1651,5.912461,0.044813,0.807595,0.300000,10000,0.000100,Euler,26.033,0.090279
1652,5.912461,0.044813,0.807595,0.300000,10000,0.000100,Almost Exact,395.481,0.098753
1653,5.912461,0.044813,0.807595,0.300000,5000,0.000200,Euler,13.043,0.090088
1654,5.912461,0.044813,0.807595,0.300000,5000,0.000200,Almost Exact,200.768,0.095344
1655,5.912461,0.044813,0.807595,0.300000,1000,0.001000,Euler,2.355,0.090783
1656,5.912461,0.044813,0.807595,0.300000,1000,0.001000,Almost Exact,48.396,0.090734
1657,5.912461,0.044813,0.807595,0.300000,300,0.003333,Euler,0.832,0.091630
1658,5.912461,0.044813,0.807595,0.300000,300,0.003333,Almost Exact,13.817,0.089914
1659,5.912461,0.044813,0.807595,0.300000,100,0.010000,Euler,0.261,0.091945
1660,5.912461,0.044813,0.807595,0.300000,100,0.010000,Almost Exact,3.499,0.090550
1661,5.912461,0.044813,0.807595,0.300000,60,0.016667,Euler,0.167,0.091557
1662,5.912461,0.044813,0.807595,0.300000,60,0.016667,Almost Exact,1.602,0.091157
1663,5.912461,0.044813,0.807595,0.300000,30,0.033333,Euler,0.099,0.093748
1664,5.912461,0.044813,0.807595,0.300000,30,0.033333,Almost Exact,0.574,0.092227
1665,5.912461,0.044813,0.807595,0.700000,100000,0.000010,Euler,270.428,0.090812
1666,5.912461,0.044813,0.807595,0.700000,100000,0.000010,Almost Exact,2610.111,0.094083
1667,5.912461,0.044813,0.807595,0.700000,10000,0.000100,Euler,24.465,0.090261
1668,5.912461,0.044813,0.807595,0.700000,10000,0.000100,Almost Exact,395.581,0.106806
1669,5.912461,0.044813,0.807595,0.700000,5000,0.000200,Euler,13.042,0.090322
1670,5.912461,0.044813,0.807595,0.700000,5000,0.000200,Almost Exact,200.882,0.102451
1671,5.912461,0.044813,0.807595,0.700000,1000,0.001000,Euler,2.351,0.090843
1672,5.912461,0.044813,0.807595,0.700000,1000,0.001000,Almost Exact,45.470,0.090936
1673,5.912461,0.044813,0.807595,0.700000,300,0.003333,Euler,0.777,0.090670
1674,5.912461,0.044813,0.807595,0.700000,300,0.003333,Almost Exact,14.724,0.090735
1675,5.912461,0.044813,0.807595,0.700000,100,0.010000,Euler,0.267,0.091388
1676,5.912461,0.044813,0.807595,0.700000,100,0.010000,Almost Exact,3.508,0.091446
1677,5.912461,0.044813,0.807595,0.700000,60,0.016667,Euler,0.169,0.091611
1678,5.912461,0.044813,0.807595,0.700000,60,0.016667,Almost Exact,1.689,0.091633
1679,5.912461,0.044813,0.807595,0.700000,30,0.033333,Euler,0.097,0.093489
1680,5.912461,0.044813,0.807595,0.700000,30,0.033333,Almost Exact,0.570,0.092739
1681,8.193069,0.042546,0.592006,-0.700000,100000,0.000010,Euler,270.183,0.086018
1682,8.193069,0.042546,0.592006,-0.700000,100000,0.000010,Almost Exact,1707.652,0.085848
1683,8.193069,0.042546,0.592006,-0.700000,10000,0.000100,Euler,24.443,0.086028
1684,8.193069,0.042546,0.592006,-0.700000,10000,0.000100,Almost Exact,285.016,0.076105
1685,8.193069,0.042546,0.592006,-0.700000,5000,0.000200,Euler,13.017,0.086169
1686,8.193069,0.042546,0.592006,-0.700000,5000,0.000200,Almost Exact,133.654,0.079615
1687,8.193069,0.042546,0.592006,-0.700000,1000,0.001000,Euler,2.325,0.086451
1688,8.193069,0.042546,0.592006,-0.700000,1000,0.001000,Almost Exact,40.880,0.086223
1689,8.193069,0.042546,0.592006,-0.700000,300,0.003333,Euler,0.818,0.086267
1690,8.193069,0.042546,0.592006,-0.700000,300,0.003333,Almost Exact,14.073,0.086112
1691,8.193069,0.042546,0.592006,-0.700000,100,0.010000,Euler,0.258,0.086232
1692,8.193069,0.042546,0.592006,-0.700000,100,0.010000,Almost Exact,3.854,0.084578
1693,8.193069,0.042546,0.592006,-0.700000,60,0.016667,Euler,0.162,0.086716
1694,8.193069,0.042546,0.592006,-0.700000,60,0.016667,Almost Exact,1.647,0.083611
1695,8.193069,0.042546,0.592006,-0.700000,30,0.033333,Euler,0.095,0.086722
1696,8.193069,0.042546,0.592006,-0.700000,30,0.033333,Almost Exact,0.551,0.080357
1697,8.193069,0.042546,0.592006,-0.300000,100000,0.000010,Euler,270.552,0.087216
1698,8.193069,0.042546,0.592006,-0.300000,100000,0.000010,Almost Exact,1708.333,0.087032
1699,8.193069,0.042546,0.592006,-0.300000,10000,0.000100,Euler,25.992,0.086481
1700,8.193069,0.042546,0.592006,-0.300000,10000,0.000100,Almost Exact,284.815,0.084476
1701,8.193069,0.042546,0.592006,-0.300000,5000,0.000200,Euler,13.023,0.087317
1702,8.193069,0.042546,0.592006,-0.300000,5000,0.000200,Almost Exact,133.807,0.084779
1703,8.193069,0.042546,0.592006,-0.300000,1000,0.001000,Euler,2.326,0.087179
1704,8.193069,0.042546,0.592006,-0.300000,1000,0.001000,Almost Exact,40.921,0.087364
1705,8.193069,0.042546,0.592006,-0.300000,300,0.003333,Euler,0.866,0.087178
1706,8.193069,0.042546,0.592006,-0.300000,300,0.003333,Almost Exact,14.081,0.086928
1707,8.193069,0.042546,0.592006,-0.300000,100,0.010000,Euler,0.254,0.087650
1708,8.193069,0.042546,0.592006,-0.300000,100,0.010000,Almost Exact,4.099,0.086756
1709,8.193069,0.042546,0.592006,-0.300000,60,0.016667,Euler,0.163,0.087430
1710,8.193069,0.042546,0.592006,-0.300000,60,0.016667,Almost Exact,1.666,0.086273
1711,8.193069,0.042546,0.592006,-0.300000,30,0.033333,Euler,0.095,0.088019
1712,8.193069,0.042546,0.592006,-0.300000,30,0.033333,Almost Exact,0.552,0.085620
1713,8.193069,0.042546,0.592006,0.000000,100000,0.000010,Euler,270.355,0.087450
1714,8.193069,0.042546,0.592006,0.000000,100000,0.000010,Almost Exact,1737.918,0.088197
1715,8.193069,0.042546,0.592006,0.000000,10000,0.000100,Euler,24.461,0.088447
1716,8.193069,0.042546,0.592006,0.000000,10000,0.000100,Almost Exact,303.692,0.089390
1717,8.193069,0.042546,0.592006,0.000000,5000,0.000200,Euler,13.824,0.087822
1718,8.193069,0.042546,0.592006,0.000000,5000,0.000200,Almost Exact,141.544,0.089110
1719,8.193069,0.042546,0.592006,0.000000,1000,0.001000,Euler,2.330,0.087507
1720,8.193069,0.042546,0.592006,0.000000,1000,0.001000,Almost Exact,41.023,0.087693
1721,8.193069,0.042546,0.592006,0.000000,300,0.003333,Euler,0.816,0.087897
1722,8.193069,0.042546,0.592006,0.000000,300,0.003333,Almost Exact,14.096,0.087948
1723,8.193069,0.042546,0.592006,0.000000,100,0.010000,Euler,0.247,0.087473
1724,8.193069,0.042546,0.592006,0.000000,100,0.010000,Almost Exact,3.867,0.087901
1725,8.193069,0.042546,0.592006,0.000000,60,0.016667,Euler,0.164,0.088575
1726,8.193069,0.042546,0.592006,0.000000,60,0.016667,Almost Exact,1.662,0.087814
1727,8.193069,0.042546,0.592006,0.000000,30,0.033333,Euler,0.096,0.088341
1728,8.193069,0.042546,0.592006,0.000000,30,0.033333,Almost Exact,0.559,0.088899
1729,8.193069,0.042546,0.592006,0.300000,100000,0.000010,Euler,270.252,0.087906
1730,8.193069,0.042546,0.592006,0.300000,100000,0.000010,Almost Exact,1804.650,0.088140
1731,8.193069,0.042546,0.592006,0.300000,10000,0.000100,Euler,26.006,0.088620
1732,8.193069,0.042546,0.592006,0.300000,10000,0.000100,Almost Exact,285.060,0.094505
1733,8.193069,0.042546,0.592006,0.300000,5000,0.000200,Euler,13.014,0.088230
1734,8.193069,0.042546,0.592006,0.300000,5000,0.000200,Almost Exact,133.823,0.094188
1735,8.193069,0.042546,0.592006,0.300000,1000,0.001000,Euler,2.238,0.087702
1736,8.193069,0.042546,0.592006,0.300000,1000,0.001000,Almost Exact,40.902,0.088504
1737,8.193069,0.042546,0.592006,0.300000,300,0.003333,Euler,0.807,0.088136
1738,8.193069,0.042546,0.592006,0.300000,300,0.003333,Almost Exact,14.083,0.088883
1739,8.193069,0.042546,0.592006,0.300000,100,0.010000,Euler,0.243,0.087768
1740,8.193069,0.042546,0.592006,0.300000,100,0.010000,Almost Exact,3.876,0.088745
1741,8.193069,0.042546,0.592006,0.300000,60,0.016667,Euler,0.157,0.087924
1742,8.193069,0.042546,0.592006,0.300000,60,0.016667,Almost Exact,1.670,0.089400
1743,8.193069,0.042546,0.592006,0.300000,30,0.033333,Euler,0.093,0.089280
1744,8.193069,0.042546,0.592006,0.300000,30,0.033333,Almost Exact,0.549,0.091494
1745,8.193069,0.042546,0.592006,0.700000,100000,0.000010,Euler,270.470,0.088462
1746,8.193069,0.042546,0.592006,0.700000,100000,0.000010,Almost Exact,1710.999,0.088475
1747,8.193069,0.042546,0.592006,0.700000,10000,0.000100,Euler,24.435,0.088505
1748,8.193069,0.042546,0.592006,0.700000,10000,0.000100,Almost Exact,285.125,0.101184
1749,8.193069,0.042546,0.592006,0.700000,5000,0.000200,Euler,13.811,0.088449
1750,8.193069,0.042546,0.592006,0.700000,5000,0.000200,Almost Exact,133.703,0.101550
1751,8.193069,0.042546,0.592006,0.700000,1000,0.001000,Euler,2.238,0.087914
1752,8.193069,0.042546,0.592006,0.700000,1000,0.001000,Almost Exact,40.924,0.088496
1753,8.193069,0.042546,0.592006,0.700000,300,0.003333,Euler,0.865,0.089003
1754,8.193069,0.042546,0.592006,0.700000,300,0.003333,Almost Exact,14.081,0.088763
1755,8.193069,0.042546,0.592006,0.700000,100,0.010000,Euler,0.254,0.088162
1756,8.193069,0.042546,0.592006,0.700000,100,0.010000,Almost Exact,3.897,0.089808
1757,8.193069,0.042546,0.592006,0.700000,60,0.016667,Euler,0.163,0.088975
1758,8.193069,0.042546,0.592006,0.700000,60,0.016667,Almost Exact,1.662,0.090355
1759,8.193069,0.042546,0.592006,0.700000,30,0.033333,Euler,0.096,0.088775
1760,8.193069,0.042546,0.592006,0.700000,30,0.033333,Almost Exact,0.556,0.092719
1761,9.039056,0.116891,0.702367,-0.700000,100000,0.000010,Euler,270.256,0.131712
1762,9.039056,0.116891,0.702367,-0.700000,100000,0.000010,Almost Exact,1238.331,0.131858
1763,9.039056,0.116891,0.702367,-0.700000,10000,0.000100,Euler,24.640,0.131724
1764,9.039056,0.116891,0.702367,-0.700000,10000,0.000100,Almost Exact,264.337,0.118368
1765,9.039056,0.116891,0.702367,-0.700000,5000,0.000200,Euler,13.005,0.132222
1766,9.039056,0.116891,0.702367,-0.700000,5000,0.000200,Almost Exact,138.211,0.116194
1767,9.039056,0.116891,0.702367,-0.700000,1000,0.001000,Euler,2.239,0.132451
1768,9.039056,0.116891,0.702367,-0.700000,1000,0.001000,Almost Exact,25.297,0.132124
1769,9.039056,0.116891,0.702367,-0.700000,300,0.003333,Euler,0.865,0.131112
1770,9.039056,0.116891,0.702367,-0.700000,300,0.003333,Almost Exact,13.692,0.133122
1771,9.039056,0.116891,0.702367,-0.700000,100,0.010000,Euler,0.257,0.131747
1772,9.039056,0.116891,0.702367,-0.700000,100,0.010000,Almost Exact,4.544,0.132540
1773,9.039056,0.116891,0.702367,-0.700000,60,0.016667,Euler,0.161,0.131973
1774,9.039056,0.116891,0.702367,-0.700000,60,0.016667,Almost Exact,2.139,0.132171
1775,9.039056,0.116891,0.702367,-0.700000,30,0.033333,Euler,0.092,0.131916
1776,9.039056,0.116891,0.702367,-0.700000,30,0.033333,Almost Exact,0.666,0.132326
1777,9.039056,0.116891,0.702367,-0.300000,100000,0.000010,Euler,270.284,0.133308
1778,9.039056,0.116891,0.702367,-0.300000,100000,0.000010,Almost Exact,1238.120,0.133380
1779,9.039056,0.116891,0.702367,-0.300000,10000,0.000100,Euler,24.660,0.132972
1780,9.039056,0.116891,0.702367,-0.300000,10000,0.000100,Almost Exact,281.688,0.128663
1781,9.039056,0.116891,0.702367,-0.300000,5000,0.000200,Euler,12.240,0.133174
1782,9.039056,0.116891,0.702367,-0.300000,5000,0.000200,Almost Exact,146.920,0.127387
1783,9.039056,0.116891,0.702367,-0.300000,1000,0.001000,Euler,2.239,0.133263
1784,9.039056,0.116891,0.702367,-0.300000,1000,0.001000,Almost Exact,23.861,0.132727
1785,9.039056,0.116891,0.702367,-0.300000,300,0.003333,Euler,0.756,0.133082
1786,9.039056,0.116891,0.702367,-0.300000,300,0.003333,Almost Exact,13.691,0.134365
1787,9.039056,0.116891,0.702367,-0.300000,100,0.010000,Euler,0.244,0.132696
1788,9.039056,0.116891,0.702367,-0.300000,100,0.010000,Almost Exact,4.540,0.133048
1789,9.039056,0.116891,0.702367,-0.300000,60,0.016667,Euler,0.154,0.132858
1790,9.039056,0.116891,0.702367,-0.300000,60,0.016667,Almost Exact,2.027,0.133200
1791,9.039056,0.116891,0.702367,-0.300000,30,0.033333,Euler,0.093,0.133599
1792,9.039056,0.116891,0.702367,-0.300000,30,0.033333,Almost Exact,0.667,0.134151
1793,9.039056,0.116891,0.702367,0.000000,100000,0.000010,Euler,269.873,0.134221
1794,9.039056,0.116891,0.702367,0.000000,100000,0.000010,Almost Exact,1237.762,0.134083
1795,9.039056,0.116891,0.702367,0.000000,10000,0.000100,Euler,24.639,0.134063
1796,9.039056,0.116891,0.702367,0.000000,10000,0.000100,Almost Exact,264.845,0.135291
1797,9.039056,0.116891,0.702367,0.000000,5000,0.000200,Euler,12.231,0.134291
1798,9.039056,0.116891,0.702367,0.000000,5000,0.000200,Almost Exact,138.243,0.136684
1799,9.039056,0.116891,0.702367,0.000000,1000,0.001000,Euler,2.322,0.133678
1800,9.039056,0.116891,0.702367,0.000000,1000,0.001000,Almost Exact,23.927,0.134057
1801,9.039056,0.116891,0.702367,0.000000,300,0.003333,Euler,0.863,0.133539
1802,9.039056,0.116891,0.702367,0.000000,300,0.003333,Almost Exact,13.691,0.134177
1803,9.039056,0.116891,0.702367,0.000000,100,0.010000,Euler,0.242,0.134467
1804,9.039056,0.116891,0.702367,0.000000,100,0.010000,Almost Exact,4.547,0.133387
1805,9.039056,0.116891,0.702367,0.000000,60,0.016667,Euler,0.161,0.133880
1806,9.039056,0.116891,0.702367,0.000000,60,0.016667,Almost Exact,2.026,0.133437
1807,9.039056,0.116891,0.702367,0.000000,30,0.033333,Euler,0.093,0.134615
1808,9.039056,0.116891,0.702367,0.000000,30,0.033333,Almost Exact,0.670,0.134311
1809,9.039056,0.116891,0.702367,0.300000,100000,0.000010,Euler,270.453,0.135270
1810,9.039056,0.116891,0.702367,0.300000,100000,0.000010,Almost Exact,1241.998,0.134910
1811,9.039056,0.116891,0.702367,0.300000,10000,0.000100,Euler,27.840,0.134268
1812,9.039056,0.116891,0.702367,0.300000,10000,0.000100,Almost Exact,264.720,0.141081
1813,9.039056,0.116891,0.702367,0.300000,5000,0.000200,Euler,13.828,0.134334
1814,9.039056,0.116891,0.702367,0.300000,5000,0.000200,Almost Exact,146.942,0.145668
1815,9.039056,0.116891,0.702367,0.300000,1000,0.001000,Euler,2.242,0.134301
1816,9.039056,0.116891,0.702367,0.300000,1000,0.001000,Almost Exact,23.910,0.135381
1817,9.039056,0.116891,0.702367,0.300000,300,0.003333,Euler,0.817,0.135030
1818,9.039056,0.116891,0.702367,0.300000,300,0.003333,Almost Exact,13.694,0.134887
1819,9.039056,0.116891,0.702367,0.300000,100,0.010000,Euler,0.244,0.134714
1820,9.039056,0.116891,0.702367,0.300000,100,0.010000,Almost Exact,4.549,0.134261
1821,9.039056,0.116891,0.702367,0.300000,60,0.016667,Euler,0.162,0.134699
1822,9.039056,0.116891,0.702367,0.300000,60,0.016667,Almost Exact,2.137,0.134486
1823,9.039056,0.116891,0.702367,0.300000,30,0.033333,Euler,0.094,0.134743
1824,9.039056,0.116891,0.702367,0.300000,30,0.033333,Almost Exact,0.663,0.133505
1825,9.039056,0.116891,0.702367,0.700000,100000,0.000010,Euler,270.467,0.135566
1826,9.039056,0.116891,0.702367,0.700000,100000,0.000010,Almost Exact,1243.299,0.135565
1827,9.039056,0.116891,0.702367,0.700000,10000,0.000100,Euler,24.898,0.135637
1828,9.039056,0.116891,0.702367,0.700000,10000,0.000100,Almost Exact,264.724,0.145916
1829,9.039056,0.116891,0.702367,0.700000,5000,0.000200,Euler,13.000,0.135375
1830,9.039056,0.116891,0.702367,0.700000,5000,0.000200,Almost Exact,146.824,0.156635
1831,9.039056,0.116891,0.702367,0.700000,1000,0.001000,Euler,2.323,0.135119
1832,9.039056,0.116891,0.702367,0.700000,1000,0.001000,Almost Exact,23.922,0.137440
1833,9.039056,0.116891,0.702367,0.700000,300,0.003333,Euler,0.855,0.136089
1834,9.039056,0.116891,0.702367,0.700000,300,0.003333,Almost Exact,13.704,0.136084
1835,9.039056,0.116891,0.702367,0.700000,100,0.010000,Euler,0.256,0.135072
1836,9.039056,0.116891,0.702367,0.700000,100,0.010000,Almost Exact,4.545,0.134350
1837,9.039056,0.116891,0.702367,0.700000,60,0.016667,Euler,0.154,0.135716
1838,9.039056,0.116891,0.702367,0.700000,60,0.016667,Almost Exact,2.020,0.135160
1839,9.039056,0.116891,0.702367,0.700000,30,0.033333,Euler,0.094,0.136201
1840,9.039056,0.116891,0.702367,0.700000,30,0.033333,Almost Exact,0.667,0.132987
1841,7.482425,0.289346,0.835042,-0.700000,100000,0.000010,Euler,253.942,0.198794
1842,7.482425,0.289346,0.835042,-0.700000,100000,0.000010,Almost Exact,1230.892,0.199539
1843,7.482425,0.289346,0.835042,-0.700000,10000,0.000100,Euler,25.973,0.197558
1844,7.482425,0.289346,0.835042,-0.700000,10000,0.000100,Almost Exact,210.683,0.191626
1845,7.482425,0.289346,0.835042,-0.700000,5000,0.000200,Euler,12.996,0.198552
1846,7.482425,0.289346,0.835042,-0.700000,5000,0.000200,Almost Exact,135.712,0.176495
1847,7.482425,0.289346,0.835042,-0.700000,1000,0.001000,Euler,2.239,0.197767
1848,7.482425,0.289346,0.835042,-0.700000,1000,0.001000,Almost Exact,22.792,0.195326
1849,7.482425,0.289346,0.835042,-0.700000,300,0.003333,Euler,0.765,0.198816
1850,7.482425,0.289346,0.835042,-0.700000,300,0.003333,Almost Exact,8.927,0.198005
1851,7.482425,0.289346,0.835042,-0.700000,100,0.010000,Euler,0.254,0.198254
1852,7.482425,0.289346,0.835042,-0.700000,100,0.010000,Almost Exact,5.195,0.201615
1853,7.482425,0.289346,0.835042,-0.700000,60,0.016667,Euler,0.156,0.198112
1854,7.482425,0.289346,0.835042,-0.700000,60,0.016667,Almost Exact,2.623,0.202775
1855,7.482425,0.289346,0.835042,-0.700000,30,0.033333,Euler,0.093,0.199760
1856,7.482425,0.289346,0.835042,-0.700000,30,0.033333,Almost Exact,0.798,0.207398
1857,7.482425,0.289346,0.835042,-0.300000,100000,0.000010,Euler,270.518,0.200168
1858,7.482425,0.289346,0.835042,-0.300000,100000,0.000010,Almost Exact,1231.303,0.200165
1859,7.482425,0.289346,0.835042,-0.300000,10000,0.000100,Euler,26.020,0.201277
1860,7.482425,0.289346,0.835042,-0.300000,10000,0.000100,Almost Exact,210.812,0.198744
1861,7.482425,0.289346,0.835042,-0.300000,5000,0.000200,Euler,12.231,0.199915
1862,7.482425,0.289346,0.835042,-0.300000,5000,0.000200,Almost Exact,135.573,0.192799
1863,7.482425,0.289346,0.835042,-0.300000,1000,0.001000,Euler,2.325,0.200996
1864,7.482425,0.289346,0.835042,-0.300000,1000,0.001000,Almost Exact,22.789,0.198892
1865,7.482425,0.289346,0.835042,-0.300000,300,0.003333,Euler,0.819,0.200823
1866,7.482425,0.289346,0.835042,-0.300000,300,0.003333,Almost Exact,9.003,0.200802
1867,7.482425,0.289346,0.835042,-0.300000,100,0.010000,Euler,0.243,0.201276
1868,7.482425,0.289346,0.835042,-0.300000,100,0.010000,Almost Exact,4.889,0.201397
1869,7.482425,0.289346,0.835042,-0.300000,60,0.016667,Euler,0.164,0.201550
1870,7.482425,0.289346,0.835042,-0.300000,60,0.016667,Almost Exact,2.614,0.200883
1871,7.482425,0.289346,0.835042,-0.300000,30,0.033333,Euler,0.093,0.202176
1872,7.482425,0.289346,0.835042,-0.300000,30,0.033333,Almost Exact,0.804,0.204069
1873,7.482425,0.289346,0.835042,0.000000,100000,0.000010,Euler,270.508,0.202376
1874,7.482425,0.289346,0.835042,0.000000,100000,0.000010,Almost Exact,1231.171,0.201748
1875,7.482425,0.289346,0.835042,0.000000,10000,0.000100,Euler,25.988,0.201085
1876,7.482425,0.289346,0.835042,0.000000,10000,0.000100,Almost Exact,224.529,0.201028
1877,7.482425,0.289346,0.835042,0.000000,5000,0.000200,Euler,13.809,0.201377
1878,7.482425,0.289346,0.835042,0.000000,5000,0.000200,Almost Exact,135.686,0.204558
1879,7.482425,0.289346,0.835042,0.000000,1000,0.001000,Euler,2.326,0.200970
1880,7.482425,0.289346,0.835042,0.000000,1000,0.001000,Almost Exact,22.804,0.202047
1881,7.482425,0.289346,0.835042,0.000000,300,0.003333,Euler,0.863,0.202296
1882,7.482425,0.289346,0.835042,0.000000,300,0.003333,Almost Exact,8.559,0.202558
1883,7.482425,0.289346,0.835042,0.000000,100,0.010000,Euler,0.250,0.202328
1884,7.482425,0.289346,0.835042,0.000000,100,0.010000,Almost Exact,4.888,0.201711
1885,7.482425,0.289346,0.835042,0.000000,60,0.016667,Euler,0.162,0.201625
1886,7.482425,0.289346,0.835042,0.000000,60,0.016667,Almost Exact,2.622,0.201734
1887,7.482425,0.289346,0.835042,0.000000,30,0.033333,Euler,0.090,0.203406
1888,7.482425,0.289346,0.835042,0.000000,30,0.033333,Almost Exact,0.806,0.200321
1889,7.482425,0.289346,0.835042,0.300000,100000,0.000010,Euler,270.370,0.203408
1890,7.482425,0.289346,0.835042,0.300000,100000,0.000010,Almost Exact,1229.618,0.202873
1891,7.482425,0.289346,0.835042,0.300000,10000,0.000100,Euler,25.966,0.201896
1892,7.482425,0.289346,0.835042,0.300000,10000,0.000100,Almost Exact,211.147,0.203794
1893,7.482425,0.289346,0.835042,0.300000,5000,0.000200,Euler,13.802,0.204302
1894,7.482425,0.289346,0.835042,0.300000,5000,0.000200,Almost Exact,144.519,0.215841
1895,7.482425,0.289346,0.835042,0.300000,1000,0.001000,Euler,2.240,0.203973
1896,7.482425,0.289346,0.835042,0.300000,1000,0.001000,Almost Exact,22.798,0.207519
1897,7.482425,0.289346,0.835042,0.300000,300,0.003333,Euler,0.816,0.204193
1898,7.482425,0.289346,0.835042,0.300000,300,0.003333,Almost Exact,8.965,0.204231
1899,7.482425,0.289346,0.835042,0.300000,100,0.010000,Euler,0.257,0.203126
1900,7.482425,0.289346,0.835042,0.300000,100,0.010000,Almost Exact,4.891,0.200995
1901,7.482425,0.289346,0.835042,0.300000,60,0.016667,Euler,0.161,0.204639
1902,7.482425,0.289346,0.835042,0.300000,60,0.016667,Almost Exact,2.624,0.201395
1903,7.482425,0.289346,0.835042,0.300000,30,0.033333,Euler,0.092,0.205219
1904,7.482425,0.289346,0.835042,0.300000,30,0.033333,Almost Exact,0.809,0.197625
1905,7.482425,0.289346,0.835042,0.700000,100000,0.000010,Euler,270.671,0.203887
1906,7.482425,0.289346,0.835042,0.700000,100000,0.000010,Almost Exact,1231.552,0.205531
1907,7.482425,0.289346,0.835042,0.700000,10000,0.000100,Euler,24.442,0.204913
1908,7.482425,0.289346,0.835042,0.700000,10000,0.000100,Almost Exact,210.874,0.207231
1909,7.482425,0.289346,0.835042,0.700000,5000,0.000200,Euler,13.009,0.204751
1910,7.482425,0.289346,0.835042,0.700000,5000,0.000200,Almost Exact,135.538,0.222630
1911,7.482425,0.289346,0.835042,0.700000,1000,0.001000,Euler,2.327,0.204799
1912,7.482425,0.289346,0.835042,0.700000,1000,0.001000,Almost Exact,22.790,0.209840
1913,7.482425,0.289346,0.835042,0.700000,300,0.003333,Euler,0.759,0.205529
1914,7.482425,0.289346,0.835042,0.700000,300,0.003333,Almost Exact,8.671,0.203710
1915,7.482425,0.289346,0.835042,0.700000,100,0.010000,Euler,0.253,0.204711
1916,7.482425,0.289346,0.835042,0.700000,100,0.010000,Almost Exact,4.898,0.202049
1917,7.482425,0.289346,0.835042,0.700000,60,0.016667,Euler,0.156,0.205171
1918,7.482425,0.289346,0.835042,0.700000,60,0.016667,Almost Exact,2.620,0.197219
1919,7.482425,0.289346,0.835042,0.700000,30,0.033333,Euler,0.092,0.205826
1920,7.482425,0.289346,0.835042,0.700000,30,0.033333,Almost Exact,0.802,0.189915
1921,3.390455,0.466976,0.907464,-0.700000,100000,0.000010,Euler,269.921,0.227332
1922,3.390455,0.466976,0.907464,-0.700000,100000,0.000010,Almost Exact,1237.111,0.224584
1923,3.390455,0.466976,0.907464,-0.700000,10000,0.000100,Euler,24.646,0.228231
1924,3.390455,0.466976,0.907464,-0.700000,10000,0.000100,Almost Exact,219.831,0.217831
1925,3.390455,0.466976,0.907464,-0.700000,5000,0.000200,Euler,13.802,0.226524
1926,3.390455,0.466976,0.907464,-0.700000,5000,0.000200,Almost Exact,139.886,0.205603
1927,3.390455,0.466976,0.907464,-0.700000,1000,0.001000,Euler,2.324,0.226611
1928,3.390455,0.466976,0.907464,-0.700000,1000,0.001000,Almost Exact,23.178,0.222790
1929,3.390455,0.466976,0.907464,-0.700000,300,0.003333,Euler,0.761,0.226091
1930,3.390455,0.466976,0.907464,-0.700000,300,0.003333,Almost Exact,10.238,0.228289
1931,3.390455,0.466976,0.907464,-0.700000,100,0.010000,Euler,0.257,0.227748
1932,3.390455,0.466976,0.907464,-0.700000,100,0.010000,Almost Exact,4.789,0.228056
1933,3.390455,0.466976,0.907464,-0.700000,60,0.016667,Euler,0.162,0.226650
1934,3.390455,0.466976,0.907464,-0.700000,60,0.016667,Almost Exact,2.716,0.229626
1935,3.390455,0.466976,0.907464,-0.700000,30,0.033333,Euler,0.092,0.226486
1936,3.390455,0.466976,0.907464,-0.700000,30,0.033333,Almost Exact,1.016,0.234016
1937,3.390455,0.466976,0.907464,-0.300000,100000,0.000010,Euler,270.397,0.230459
1938,3.390455,0.466976,0.907464,-0.300000,100000,0.000010,Almost Exact,1236.403,0.230996
1939,3.390455,0.466976,0.907464,-0.300000,10000,0.000100,Euler,24.526,0.229775
1940,3.390455,0.466976,0.907464,-0.300000,10000,0.000100,Almost Exact,217.756,0.227842
1941,3.390455,0.466976,0.907464,-0.300000,5000,0.000200,Euler,13.802,0.231381
1942,3.390455,0.466976,0.907464,-0.300000,5000,0.000200,Almost Exact,131.870,0.226538
1943,3.390455,0.466976,0.907464,-0.300000,1000,0.001000,Euler,2.324,0.230912
1944,3.390455,0.466976,0.907464,-0.300000,1000,0.001000,Almost Exact,23.172,0.228632
1945,3.390455,0.466976,0.907464,-0.300000,300,0.003333,Euler,0.816,0.232459
1946,3.390455,0.466976,0.907464,-0.300000,300,0.003333,Almost Exact,10.312,0.230993
1947,3.390455,0.466976,0.907464,-0.300000,100,0.010000,Euler,0.252,0.230163
1948,3.390455,0.466976,0.907464,-0.300000,100,0.010000,Almost Exact,4.787,0.231504
1949,3.390455,0.466976,0.907464,-0.300000,60,0.016667,Euler,0.161,0.231023
1950,3.390455,0.466976,0.907464,-0.300000,60,0.016667,Almost Exact,2.724,0.230385
1951,3.390455,0.466976,0.907464,-0.300000,30,0.033333,Euler,0.090,0.232153
1952,3.390455,0.466976,0.907464,-0.300000,30,0.033333,Almost Exact,1.013,0.232306
1953,3.390455,0.466976,0.907464,0.000000,100000,0.000010,Euler,270.516,0.234882
1954,3.390455,0.466976,0.907464,0.000000,100000,0.000010,Almost Exact,1237.762,0.234092
1955,3.390455,0.466976,0.907464,0.000000,10000,0.000100,Euler,24.639,0.234720
1956,3.390455,0.466976,0.907464,0.000000,10000,0.000100,Almost Exact,232.442,0.234715
1957,3.390455,0.466976,0.907464,0.000000,5000,0.000200,Euler,12.224,0.233724
1958,3.390455,0.466976,0.907464,0.000000,5000,0.000200,Almost Exact,131.602,0.236671
1959,3.390455,0.466976,0.907464,0.000000,1000,0.001000,Euler,2.321,0.233246
1960,3.390455,0.466976,0.907464,0.000000,1000,0.001000,Almost Exact,23.182,0.233328
1961,3.390455,0.466976,0.907464,0.000000,300,0.003333,Euler,0.863,0.235086
1962,3.390455,0.466976,0.907464,0.000000,300,0.003333,Almost Exact,10.232,0.233411
1963,3.390455,0.466976,0.907464,0.000000,100,0.010000,Euler,0.256,0.234722
1964,3.390455,0.466976,0.907464,0.000000,100,0.010000,Almost Exact,4.791,0.232225
1965,3.390455,0.466976,0.907464,0.000000,60,0.016667,Euler,0.154,0.234349
1966,3.390455,0.466976,0.907464,0.000000,60,0.016667,Almost Exact,2.719,0.230790
1967,3.390455,0.466976,0.907464,0.000000,30,0.033333,Euler,0.091,0.235772
1968,3.390455,0.466976,0.907464,0.000000,30,0.033333,Almost Exact,1.023,0.231051
1969,3.390455,0.466976,0.907464,0.300000,100000,0.000010,Euler,270.544,0.236322
1970,3.390455,0.466976,0.907464,0.300000,100000,0.000010,Almost Exact,1236.086,0.236758
1971,3.390455,0.466976,0.907464,0.300000,10000,0.000100,Euler,24.640,0.236916
1972,3.390455,0.466976,0.907464,0.300000,10000,0.000100,Almost Exact,230.804,0.239169
1973,3.390455,0.466976,0.907464,0.300000,5000,0.000200,Euler,13.819,0.235520
1974,3.390455,0.466976,0.907464,0.300000,5000,0.000200,Almost Exact,131.893,0.245939
1975,3.390455,0.466976,0.907464,0.300000,1000,0.001000,Euler,2.327,0.236153
1976,3.390455,0.466976,0.907464,0.300000,1000,0.001000,Almost Exact,23.195,0.240915
1977,3.390455,0.466976,0.907464,0.300000,300,0.003333,Euler,0.815,0.237678
1978,3.390455,0.466976,0.907464,0.300000,300,0.003333,Almost Exact,10.336,0.235698
1979,3.390455,0.466976,0.907464,0.300000,100,0.010000,Euler,0.257,0.237801
1980,3.390455,0.466976,0.907464,0.300000,100,0.010000,Almost Exact,5.086,0.236249
1981,3.390455,0.466976,0.907464,0.300000,60,0.016667,Euler,0.161,0.236395
1982,3.390455,0.466976,0.907464,0.300000,60,0.016667,Almost Exact,2.718,0.234403
1983,3.390455,0.466976,0.907464,0.300000,30,0.033333,Euler,0.092,0.239485
1984,3.390455,0.466976,0.907464,0.300000,30,0.033333,Almost Exact,1.020,0.229485
1985,3.390455,0.466976,0.907464,0.700000,100000,0.000010,Euler,270.286,0.242442
1986,3.390455,0.466976,0.907464,0.700000,100000,0.000010,Almost Exact,1238.959,0.241498
1987,3.390455,0.466976,0.907464,0.700000,10000,0.000100,Euler,24.672,0.242485
1988,3.390455,0.466976,0.907464,0.700000,10000,0.000100,Almost Exact,230.065,0.245558
1989,3.390455,0.466976,0.907464,0.700000,5000,0.000200,Euler,13.005,0.239843
1990,3.390455,0.466976,0.907464,0.700000,5000,0.000200,Almost Exact,131.565,0.253201
1991,3.390455,0.466976,0.907464,0.700000,1000,0.001000,Euler,2.236,0.240784
1992,3.390455,0.466976,0.907464,0.700000,1000,0.001000,Almost Exact,23.255,0.252898
1993,3.390455,0.466976,0.907464,0.700000,300,0.003333,Euler,0.815,0.240220
1994,3.390455,0.466976,0.907464,0.700000,300,0.003333,Almost Exact,10.874,0.238885
1995,3.390455,0.466976,0.907464,0.700000,100,0.010000,Euler,0.252,0.237466
1996,3.390455,0.466976,0.907464,0.700000,100,0.010000,Almost Exact,4.791,0.237496
1997,3.390455,0.466976,0.907464,0.700000,60,0.016667,Euler,0.153,0.240735
1998,3.390455,0.466976,0.907464,0.700000,60,0.016667,Almost Exact,2.717,0.232866
1999,3.390455,0.466976,0.907464,0.700000,30,0.033333,Euler,0.090,0.240827
2000,3.390455,0.466976,0.907464,0.700000,30,0.033333,Almost Exact,1.021,0.227173
2001,8.481905,0.261641,0.612625,-0.700000,100000,0.000010,Euler,269.600,0.193333
2002,8.481905,0.261641,0.612625,-0.700000,100000,0.000010,Almost Exact,1229.787,0.190422
2003,8.481905,0.261641,0.612625,-0.700000,10000,0.000100,Euler,26.009,0.192573
2004,8.481905,0.261641,0.612625,-0.700000,10000,0.000100,Almost Exact,125.979,0.192590
2005,8.481905,0.261641,0.612625,-0.700000,5000,0.000200,Euler,12.706,0.192603
2006,8.481905,0.261641,0.612625,-0.700000,5000,0.000200,Almost Exact,110.813,0.186932
2007,8.481905,0.261641,0.612625,-0.700000,1000,0.001000,Euler,2.246,0.192508
2008,8.481905,0.261641,0.612625,-0.700000,1000,0.001000,Almost Exact,22.914,0.185561
2009,8.481905,0.261641,0.612625,-0.700000,300,0.003333,Euler,0.818,0.192096
2010,8.481905,0.261641,0.612625,-0.700000,300,0.003333,Almost Exact,6.906,0.192564
2011,8.481905,0.261641,0.612625,-0.700000,100,0.010000,Euler,0.243,0.193652
2012,8.481905,0.261641,0.612625,-0.700000,100,0.010000,Almost Exact,3.693,0.197161
2013,8.481905,0.261641,0.612625,-0.700000,60,0.016667,Euler,0.162,0.193581
2014,8.481905,0.261641,0.612625,-0.700000,60,0.016667,Almost Exact,2.973,0.199151
2015,8.481905,0.261641,0.612625,-0.700000,30,0.033333,Euler,0.095,0.192606
2016,8.481905,0.261641,0.612625,-0.700000,30,0.033333,Almost Exact,1.054,0.206000
2017,8.481905,0.261641,0.612625,-0.300000,100000,0.000010,Euler,270.599,0.193354
2018,8.481905,0.261641,0.612625,-0.300000,100000,0.000010,Almost Exact,1229.981,0.194740
2019,8.481905,0.261641,0.612625,-0.300000,10000,0.000100,Euler,25.977,0.192858
2020,8.481905,0.261641,0.612625,-0.300000,10000,0.000100,Almost Exact,134.112,0.193593
2021,8.481905,0.261641,0.612625,-0.300000,5000,0.000200,Euler,14.284,0.194458
2022,8.481905,0.261641,0.612625,-0.300000,5000,0.000200,Almost Exact,104.079,0.192741
2023,8.481905,0.261641,0.612625,-0.300000,1000,0.001000,Euler,2.391,0.191851
2024,8.481905,0.261641,0.612625,-0.300000,1000,0.001000,Almost Exact,23.504,0.189851
2025,8.481905,0.261641,0.612625,-0.300000,300,0.003333,Euler,0.838,0.192208
2026,8.481905,0.261641,0.612625,-0.300000,300,0.003333,Almost Exact,7.067,0.192862
2027,8.481905,0.261641,0.612625,-0.300000,100,0.010000,Euler,0.263,0.194489
2028,8.481905,0.261641,0.612625,-0.300000,100,0.010000,Almost Exact,3.754,0.194941
2029,8.481905,0.261641,0.612625,-0.300000,60,0.016667,Euler,0.164,0.193262
2030,8.481905,0.261641,0.612625,-0.300000,60,0.016667,Almost Exact,3.059,0.197257
2031,8.481905,0.261641,0.612625,-0.300000,30,0.033333,Euler,0.091,0.194605
2032,8.481905,0.261641,0.612625,-0.300000,30,0.033333,Almost Exact,1.051,0.199351
2033,8.481905,0.261641,0.612625,0.000000,100000,0.000010,Euler,270.489,0.193819
2034,8.481905,0.261641,0.612625,0.000000,100000,0.000010,Almost Exact,1232.049,0.194320
2035,8.481905,0.261641,0.612625,0.000000,10000,0.000100,Euler,24.424,0.192669
2036,8.481905,0.261641,0.612625,0.000000,10000,0.000100,Almost Exact,126.188,0.194690
2037,8.481905,0.261641,0.612625,0.000000,5000,0.000200,Euler,12.705,0.194510
2038,8.481905,0.261641,0.612625,0.000000,5000,0.000200,Almost Exact,102.891,0.194698
2039,8.481905,0.261641,0.612625,0.000000,1000,0.001000,Euler,2.256,0.195054
2040,8.481905,0.261641,0.612625,0.000000,1000,0.001000,Almost Exact,23.039,0.193997
2041,8.481905,0.261641,0.612625,0.000000,300,0.003333,Euler,0.770,0.193925
2042,8.481905,0.261641,0.612625,0.000000,300,0.003333,Almost Exact,6.937,0.194162
2043,8.481905,0.261641,0.612625,0.000000,100,0.010000,Euler,0.244,0.194322
2044,8.481905,0.261641,0.612625,0.000000,100,0.010000,Almost Exact,3.693,0.194372
2045,8.481905,0.261641,0.612625,0.000000,60,0.016667,Euler,0.161,0.194559
2046,8.481905,0.261641,0.612625,0.000000,60,0.016667,Almost Exact,3.010,0.193288
2047,8.481905,0.261641,0.612625,0.000000,30,0.033333,Euler,0.095,0.194032
2048,8.481905,0.261641,0.612625,0.000000,30,0.033333,Almost Exact,1.064,0.192629
2049,8.481905,0.261641,0.612625,0.300000,100000,0.000010,Euler,270.571,0.194913
2050,8.481905,0.261641,0.612625,0.300000,100000,0.000010,Almost Exact,1230.381,0.195969
2051,8.481905,0.261641,0.612625,0.300000,10000,0.000100,Euler,25.987,0.196157
2052,8.481905,0.261641,0.612625,0.300000,10000,0.000100,Almost Exact,125.978,0.195486
2053,8.481905,0.261641,0.612625,0.300000,5000,0.000200,Euler,14.355,0.195386
2054,8.481905,0.261641,0.612625,0.300000,5000,0.000200,Almost Exact,103.381,0.194858
2055,8.481905,0.261641,0.612625,0.300000,1000,0.001000,Euler,2.343,0.194775
2056,8.481905,0.261641,0.612625,0.300000,1000,0.001000,Almost Exact,23.011,0.200794
2057,8.481905,0.261641,0.612625,0.300000,300,0.003333,Euler,0.766,0.193923
2058,8.481905,0.261641,0.612625,0.300000,300,0.003333,Almost Exact,6.943,0.194811
2059,8.481905,0.261641,0.612625,0.300000,100,0.010000,Euler,0.254,0.195464
2060,8.481905,0.261641,0.612625,0.300000,100,0.010000,Almost Exact,3.690,0.192464
2061,8.481905,0.261641,0.612625,0.300000,60,0.016667,Euler,0.163,0.196683
2062,8.481905,0.261641,0.612625,0.300000,60,0.016667,Almost Exact,3.009,0.190406
2063,8.481905,0.261641,0.612625,0.300000,30,0.033333,Euler,0.091,0.197162
2064,8.481905,0.261641,0.612625,0.300000,30,0.033333,Almost Exact,1.062,0.187065
2065,8.481905,0.261641,0.612625,0.700000,100000,0.000010,Euler,269.852,0.194941
2066,8.481905,0.261641,0.612625,0.700000,100000,0.000010,Almost Exact,1229.031,0.195860
2067,8.481905,0.261641,0.612625,0.700000,10000,0.000100,Euler,24.415,0.196139
2068,8.481905,0.261641,0.612625,0.700000,10000,0.000100,Almost Exact,125.698,0.194489
2069,8.481905,0.261641,0.612625,0.700000,5000,0.000200,Euler,14.359,0.195601
2070,8.481905,0.261641,0.612625,0.700000,5000,0.000200,Almost Exact,104.263,0.198701
2071,8.481905,0.261641,0.612625,0.700000,1000,0.001000,Euler,2.345,0.195147
2072,8.481905,0.261641,0.612625,0.700000,1000,0.001000,Almost Exact,23.025,0.207151
2073,8.481905,0.261641,0.612625,0.700000,300,0.003333,Euler,0.872,0.197422
2074,8.481905,0.261641,0.612625,0.700000,300,0.003333,Almost Exact,6.939,0.195020
2075,8.481905,0.261641,0.612625,0.700000,100,0.010000,Euler,0.245,0.195609
2076,8.481905,0.261641,0.612625,0.700000,100,0.010000,Almost Exact,3.844,0.189895
2077,8.481905,0.261641,0.612625,0.700000,60,0.016667,Euler,0.160,0.196277
2078,8.481905,0.261641,0.612625,0.700000,60,0.016667,Almost Exact,3.002,0.187892
2079,8.481905,0.261641,0.612625,0.700000,30,0.033333,Euler,0.091,0.197139
2080,8.481905,0.261641,0.612625,0.700000,30,0.033333,Almost Exact,1.058,0.176721
2081,1.103114,0.048218,0.135301,-0.700000,100000,0.000010,Euler,270.916,0.110541
2082,1.103114,0.048218,0.135301,-0.700000,100000,0.000010,Almost Exact,1228.355,0.110234
2083,1.103114,0.048218,0.135301,-0.700000,10000,0.000100,Euler,25.976,0.110826
2084,1.103114,0.048218,0.135301,-0.700000,10000,0.000100,Almost Exact,122.266,0.110825
2085,1.103114,0.048218,0.135301,-0.700000,5000,0.000200,Euler,14.352,0.111059
2086,1.103114,0.048218,0.135301,-0.700000,5000,0.000200,Almost Exact,62.006,0.110602
2087,1.103114,0.048218,0.135301,-0.700000,1000,0.001000,Euler,2.322,0.110499
2088,1.103114,0.048218,0.135301,-0.700000,1000,0.001000,Almost Exact,17.415,0.110514
2089,1.103114,0.048218,0.135301,-0.700000,300,0.003333,Euler,0.736,0.110675
2090,1.103114,0.048218,0.135301,-0.700000,300,0.003333,Almost Exact,8.416,0.106135
2091,1.103114,0.048218,0.135301,-0.700000,100,0.010000,Euler,0.250,0.110527
2092,1.103114,0.048218,0.135301,-0.700000,100,0.010000,Almost Exact,2.411,0.109488
2093,1.103114,0.048218,0.135301,-0.700000,60,0.016667,Euler,0.164,0.111390
2094,1.103114,0.048218,0.135301,-0.700000,60,0.016667,Almost Exact,1.457,0.109313
2095,1.103114,0.048218,0.135301,-0.700000,30,0.033333,Euler,0.094,0.111089
2096,1.103114,0.048218,0.135301,-0.700000,30,0.033333,Almost Exact,0.788,0.108027
2097,1.103114,0.048218,0.135301,-0.300000,100000,0.000010,Euler,271.662,0.111581
2098,1.103114,0.048218,0.135301,-0.300000,100000,0.000010,Almost Exact,1231.604,0.111297
2099,1.103114,0.048218,0.135301,-0.300000,10000,0.000100,Euler,24.413,0.111396
2100,1.103114,0.048218,0.135301,-0.300000,10000,0.000100,Almost Exact,122.427,0.111218
2101,1.103114,0.048218,0.135301,-0.300000,5000,0.000200,Euler,14.382,0.111548
2102,1.103114,0.048218,0.135301,-0.300000,5000,0.000200,Almost Exact,61.333,0.111181
2103,1.103114,0.048218,0.135301,-0.300000,1000,0.001000,Euler,2.366,0.112057
2104,1.103114,0.048218,0.135301,-0.300000,1000,0.001000,Almost Exact,16.905,0.111409
2105,1.103114,0.048218,0.135301,-0.300000,300,0.003333,Euler,0.879,0.111617
2106,1.103114,0.048218,0.135301,-0.300000,300,0.003333,Almost Exact,7.865,0.109733
2107,1.103114,0.048218,0.135301,-0.300000,100,0.010000,Euler,0.246,0.111040
2108,1.103114,0.048218,0.135301,-0.300000,100,0.010000,Almost Exact,2.367,0.110589
2109,1.103114,0.048218,0.135301,-0.300000,60,0.016667,Euler,0.162,0.111837
2110,1.103114,0.048218,0.135301,-0.300000,60,0.016667,Almost Exact,1.438,0.111282
2111,1.103114,0.048218,0.135301,-0.300000,30,0.033333,Euler,0.092,0.111904
2112,1.103114,0.048218,0.135301,-0.300000,30,0.033333,Almost Exact,0.766,0.110896
2113,1.103114,0.048218,0.135301,0.000000,100000,0.000010,Euler,271.056,0.111325
2114,1.103114,0.048218,0.135301,0.000000,100000,0.000010,Almost Exact,1230.092,0.111821
2115,1.103114,0.048218,0.135301,0.000000,10000,0.000100,Euler,24.425,0.111038
2116,1.103114,0.048218,0.135301,0.000000,10000,0.000100,Almost Exact,122.456,0.111967
2117,1.103114,0.048218,0.135301,0.000000,5000,0.000200,Euler,14.360,0.111879
2118,1.103114,0.048218,0.135301,0.000000,5000,0.000200,Almost Exact,62.022,0.111678
2119,1.103114,0.048218,0.135301,0.000000,1000,0.001000,Euler,2.324,0.111896
2120,1.103114,0.048218,0.135301,0.000000,1000,0.001000,Almost Exact,16.593,0.112072
2121,1.103114,0.048218,0.135301,0.000000,300,0.003333,Euler,0.832,0.111676
2122,1.103114,0.048218,0.135301,0.000000,300,0.003333,Almost Exact,8.475,0.112428
2123,1.103114,0.048218,0.135301,0.000000,100,0.010000,Euler,0.261,0.111293
2124,1.103114,0.048218,0.135301,0.000000,100,0.010000,Almost Exact,2.420,0.111579
2125,1.103114,0.048218,0.135301,0.000000,60,0.016667,Euler,0.166,0.111820
2126,1.103114,0.048218,0.135301,0.000000,60,0.016667,Almost Exact,1.458,0.111992
2127,1.103114,0.048218,0.135301,0.000000,30,0.033333,Euler,0.091,0.111665
2128,1.103114,0.048218,0.135301,0.000000,30,0.033333,Almost Exact,0.779,0.112358
2129,1.103114,0.048218,0.135301,0.300000,100000,0.000010,Euler,271.052,0.112502
2130,1.103114,0.048218,0.135301,0.300000,100000,0.000010,Almost Exact,1231.657,0.113062
2131,1.103114,0.048218,0.135301,0.300000,10000,0.000100,Euler,25.973,0.112000
2132,1.103114,0.048218,0.135301,0.300000,10000,0.000100,Almost Exact,122.480,0.112756
2133,1.103114,0.048218,0.135301,0.300000,5000,0.000200,Euler,12.705,0.112292
2134,1.103114,0.048218,0.135301,0.300000,5000,0.000200,Almost Exact,61.721,0.112574
2135,1.103114,0.048218,0.135301,0.300000,1000,0.001000,Euler,2.311,0.111983
2136,1.103114,0.048218,0.135301,0.300000,1000,0.001000,Almost Exact,17.243,0.111678
2137,1.103114,0.048218,0.135301,0.300000,300,0.003333,Euler,0.842,0.111834
2138,1.103114,0.048218,0.135301,0.300000,300,0.003333,Almost Exact,8.418,0.114597
2139,1.103114,0.048218,0.135301,0.300000,100,0.010000,Euler,0.260,0.112329
2140,1.103114,0.048218,0.135301,0.300000,100,0.010000,Almost Exact,2.386,0.113315
2141,1.103114,0.048218,0.135301,0.300000,60,0.016667,Euler,0.167,0.112503
2142,1.103114,0.048218,0.135301,0.300000,60,0.016667,Almost Exact,1.446,0.113129
2143,1.103114,0.048218,0.135301,0.300000,30,0.033333,Euler,0.097,0.112559
2144,1.103114,0.048218,0.135301,0.300000,30,0.033333,Almost Exact,0.778,0.112884
2145,1.103114,0.048218,0.135301,0.700000,100000,0.000010,Euler,271.510,0.112168
2146,1.103114,0.048218,0.135301,0.700000,100000,0.000010,Almost Exact,1230.208,0.111401
2147,1.103114,0.048218,0.135301,0.700000,10000,0.000100,Euler,25.991,0.112243
2148,1.103114,0.048218,0.135301,0.700000,10000,0.000100,Almost Exact,122.044,0.112758
2149,1.103114,0.048218,0.135301,0.700000,5000,0.000200,Euler,12.707,0.112435
2150,1.103114,0.048218,0.135301,0.700000,5000,0.000200,Almost Exact,61.997,0.112585
2151,1.103114,0.048218,0.135301,0.700000,1000,0.001000,Euler,2.415,0.112525
2152,1.103114,0.048218,0.135301,0.700000,1000,0.001000,Almost Exact,16.578,0.112965
2153,1.103114,0.048218,0.135301,0.700000,300,0.003333,Euler,0.894,0.112820
2154,1.103114,0.048218,0.135301,0.700000,300,0.003333,Almost Exact,8.030,0.118135
2155,1.103114,0.048218,0.135301,0.700000,100,0.010000,Euler,0.260,0.112678
2156,1.103114,0.048218,0.135301,0.700000,100,0.010000,Almost Exact,2.411,0.113589
2157,1.103114,0.048218,0.135301,0.700000,60,0.016667,Euler,0.167,0.112782
2158,1.103114,0.048218,0.135301,0.700000,60,0.016667,Almost Exact,1.463,0.114583
2159,1.103114,0.048218,0.135301,0.700000,30,0.033333,Euler,0.095,0.113222
2160,1.103114,0.048218,0.135301,0.700000,30,0.033333,Almost Exact,0.776,0.113812
2161,1.310205,0.272064,0.712701,-0.700000,100000,0.000010,Euler,271.204,0.153934
2162,1.310205,0.272064,0.712701,-0.700000,100000,0.000010,Almost Exact,1543.196,0.152851
2163,1.310205,0.272064,0.712701,-0.700000,10000,0.000100,Euler,27.604,0.153213
2164,1.310205,0.272064,0.712701,-0.700000,10000,0.000100,Almost Exact,278.378,0.144186
2165,1.310205,0.272064,0.712701,-0.700000,5000,0.000200,Euler,13.813,0.153235
2166,1.310205,0.272064,0.712701,-0.700000,5000,0.000200,Almost Exact,145.408,0.141518
2167,1.310205,0.272064,0.712701,-0.700000,1000,0.001000,Euler,2.324,0.152870
2168,1.310205,0.272064,0.712701,-0.700000,1000,0.001000,Almost Exact,36.543,0.150889
2169,1.310205,0.272064,0.712701,-0.700000,300,0.003333,Euler,0.759,0.153733
2170,1.310205,0.272064,0.712701,-0.700000,300,0.003333,Almost Exact,13.589,0.153254
2171,1.310205,0.272064,0.712701,-0.700000,100,0.010000,Euler,0.243,0.153180
2172,1.310205,0.272064,0.712701,-0.700000,100,0.010000,Almost Exact,4.702,0.153207
2173,1.310205,0.272064,0.712701,-0.700000,60,0.016667,Euler,0.160,0.153573
2174,1.310205,0.272064,0.712701,-0.700000,60,0.016667,Almost Exact,2.618,0.153327
2175,1.310205,0.272064,0.712701,-0.700000,30,0.033333,Euler,0.097,0.153400
2176,1.310205,0.272064,0.712701,-0.700000,30,0.033333,Almost Exact,1.043,0.153124
2177,1.310205,0.272064,0.712701,-0.300000,100000,0.000010,Euler,270.325,0.156277
2178,1.310205,0.272064,0.712701,-0.300000,100000,0.000010,Almost Exact,1553.984,0.155901
2179,1.310205,0.272064,0.712701,-0.300000,10000,0.000100,Euler,24.487,0.156408
2180,1.310205,0.272064,0.712701,-0.300000,10000,0.000100,Almost Exact,262.776,0.155781
2181,1.310205,0.272064,0.712701,-0.300000,5000,0.000200,Euler,13.022,0.157826
2182,1.310205,0.272064,0.712701,-0.300000,5000,0.000200,Almost Exact,154.078,0.155588
2183,1.310205,0.272064,0.712701,-0.300000,1000,0.001000,Euler,2.327,0.155866
2184,1.310205,0.272064,0.712701,-0.300000,1000,0.001000,Almost Exact,34.361,0.157154
2185,1.310205,0.272064,0.712701,-0.300000,300,0.003333,Euler,0.814,0.156982
2186,1.310205,0.272064,0.712701,-0.300000,300,0.003333,Almost Exact,14.437,0.156894
2187,1.310205,0.272064,0.712701,-0.300000,100,0.010000,Euler,0.257,0.156296
2188,1.310205,0.272064,0.712701,-0.300000,100,0.010000,Almost Exact,4.685,0.156560
2189,1.310205,0.272064,0.712701,-0.300000,60,0.016667,Euler,0.162,0.157291
2190,1.310205,0.272064,0.712701,-0.300000,60,0.016667,Almost Exact,2.621,0.158177
2191,1.310205,0.272064,0.712701,-0.300000,30,0.033333,Euler,0.096,0.158009
2192,1.310205,0.272064,0.712701,-0.300000,30,0.033333,Almost Exact,1.042,0.156488
2193,1.310205,0.272064,0.712701,0.000000,100000,0.000010,Euler,270.496,0.159079
2194,1.310205,0.272064,0.712701,0.000000,100000,0.000010,Almost Exact,1537.769,0.159176
2195,1.310205,0.272064,0.712701,0.000000,10000,0.000100,Euler,25.977,0.159253
2196,1.310205,0.272064,0.712701,0.000000,10000,0.000100,Almost Exact,263.670,0.163142
2197,1.310205,0.272064,0.712701,0.000000,5000,0.000200,Euler,13.804,0.159091
2198,1.310205,0.272064,0.712701,0.000000,5000,0.000200,Almost Exact,145.411,0.164904
2199,1.310205,0.272064,0.712701,0.000000,1000,0.001000,Euler,2.238,0.160274
2200,1.310205,0.272064,0.712701,0.000000,1000,0.001000,Almost Exact,34.322,0.160058
2201,1.310205,0.272064,0.712701,0.000000,300,0.003333,Euler,0.863,0.159394
2202,1.310205,0.272064,0.712701,0.000000,300,0.003333,Almost Exact,13.629,0.160975
2203,1.310205,0.272064,0.712701,0.000000,100,0.010000,Euler,0.244,0.158184
2204,1.310205,0.272064,0.712701,0.000000,100,0.010000,Almost Exact,4.709,0.159278
2205,1.310205,0.272064,0.712701,0.000000,60,0.016667,Euler,0.155,0.159523
2206,1.310205,0.272064,0.712701,0.000000,60,0.016667,Almost Exact,2.621,0.160169
2207,1.310205,0.272064,0.712701,0.000000,30,0.033333,Euler,0.094,0.159997
2208,1.310205,0.272064,0.712701,0.000000,30,0.033333,Almost Exact,1.040,0.159701
2209,1.310205,0.272064,0.712701,0.300000,100000,0.000010,Euler,269.639,0.163424
2210,1.310205,0.272064,0.712701,0.300000,100000,0.000010,Almost Exact,1613.010,0.162390
2211,1.310205,0.272064,0.712701,0.300000,10000,0.000100,Euler,25.989,0.162571
2212,1.310205,0.272064,0.712701,0.300000,10000,0.000100,Almost Exact,262.888,0.168266
2213,1.310205,0.272064,0.712701,0.300000,5000,0.000200,Euler,13.009,0.161744
2214,1.310205,0.272064,0.712701,0.300000,5000,0.000200,Almost Exact,145.149,0.170324
2215,1.310205,0.272064,0.712701,0.300000,1000,0.001000,Euler,2.324,0.162348
2216,1.310205,0.272064,0.712701,0.300000,1000,0.001000,Almost Exact,36.471,0.164555
2217,1.310205,0.272064,0.712701,0.300000,300,0.003333,Euler,0.761,0.162241
2218,1.310205,0.272064,0.712701,0.300000,300,0.003333,Almost Exact,13.607,0.162797
2219,1.310205,0.272064,0.712701,0.300000,100,0.010000,Euler,0.254,0.162378
2220,1.310205,0.272064,0.712701,0.300000,100,0.010000,Almost Exact,4.698,0.161885
2221,1.310205,0.272064,0.712701,0.300000,60,0.016667,Euler,0.163,0.161602
2222,1.310205,0.272064,0.712701,0.300000,60,0.016667,Almost Exact,2.618,0.161450
2223,1.310205,0.272064,0.712701,0.300000,30,0.033333,Euler,0.093,0.162818
2224,1.310205,0.272064,0.712701,0.300000,30,0.033333,Almost Exact,1.042,0.159656
2225,1.310205,0.272064,0.712701,0.700000,100000,0.000010,Euler,270.745,0.165159
2226,1.310205,0.272064,0.712701,0.700000,100000,0.000010,Almost Exact,1532.814,0.163852
2227,1.310205,0.272064,0.712701,0.700000,10000,0.000100,Euler,25.997,0.164270
2228,1.310205,0.272064,0.712701,0.700000,10000,0.000100,Almost Exact,262.880,0.172698
2229,1.310205,0.272064,0.712701,0.700000,5000,0.000200,Euler,12.239,0.164789
2230,1.310205,0.272064,0.712701,0.700000,5000,0.000200,Almost Exact,153.681,0.179192
2231,1.310205,0.272064,0.712701,0.700000,1000,0.001000,Euler,2.323,0.164173
2232,1.310205,0.272064,0.712701,0.700000,1000,0.001000,Almost Exact,34.477,0.174190
2233,1.310205,0.272064,0.712701,0.700000,300,0.003333,Euler,0.754,0.164293
2234,1.310205,0.272064,0.712701,0.700000,300,0.003333,Almost Exact,13.584,0.164252
2235,1.310205,0.272064,0.712701,0.700000,100,0.010000,Euler,0.260,0.163627
2236,1.310205,0.272064,0.712701,0.700000,100,0.010000,Almost Exact,4.710,0.164220
2237,1.310205,0.272064,0.712701,0.700000,60,0.016667,Euler,0.155,0.166299
2238,1.310205,0.272064,0.712701,0.700000,60,0.016667,Almost Exact,2.625,0.162639
2239,1.310205,0.272064,0.712701,0.700000,30,0.033333,Euler,0.092,0.165420
2240,1.310205,0.272064,0.712701,0.700000,30,0.033333,Almost Exact,1.045,0.161580
2241,7.545905,0.370547,0.724420,-0.700000,100000,0.000010,Euler,270.491,0.223251
2242,7.545905,0.370547,0.724420,-0.700000,100000,0.000010,Almost Exact,1230.335,0.224975
2243,7.545905,0.370547,0.724420,-0.700000,10000,0.000100,Euler,25.974,0.223168
2244,7.545905,0.370547,0.724420,-0.700000,10000,0.000100,Almost Exact,132.909,0.223212
2245,7.545905,0.370547,0.724420,-0.700000,5000,0.000200,Euler,14.354,0.223405
2246,7.545905,0.370547,0.724420,-0.700000,5000,0.000200,Almost Exact,106.399,0.218608
2247,7.545905,0.370547,0.724420,-0.700000,1000,0.001000,Euler,2.254,0.224631
2248,7.545905,0.370547,0.724420,-0.700000,1000,0.001000,Almost Exact,23.014,0.213928
2249,7.545905,0.370547,0.724420,-0.700000,300,0.003333,Euler,0.870,0.222264
2250,7.545905,0.370547,0.724420,-0.700000,300,0.003333,Almost Exact,6.950,0.226298
2251,7.545905,0.370547,0.724420,-0.700000,100,0.010000,Euler,0.253,0.222335
2252,7.545905,0.370547,0.724420,-0.700000,100,0.010000,Almost Exact,3.838,0.227506
2253,7.545905,0.370547,0.724420,-0.700000,60,0.016667,Euler,0.155,0.223441
2254,7.545905,0.370547,0.724420,-0.700000,60,0.016667,Almost Exact,2.972,0.232298
2255,7.545905,0.370547,0.724420,-0.700000,30,0.033333,Euler,0.092,0.225908
2256,7.545905,0.370547,0.724420,-0.700000,30,0.033333,Almost Exact,1.082,0.242315
2257,7.545905,0.370547,0.724420,-0.300000,100000,0.000010,Euler,270.682,0.224522
2258,7.545905,0.370547,0.724420,-0.300000,100000,0.000010,Almost Exact,1230.955,0.225096
2259,7.545905,0.370547,0.724420,-0.300000,10000,0.000100,Euler,24.439,0.224548
2260,7.545905,0.370547,0.724420,-0.300000,10000,0.000100,Almost Exact,132.946,0.225379
2261,7.545905,0.370547,0.724420,-0.300000,5000,0.000200,Euler,12.703,0.226690
2262,7.545905,0.370547,0.724420,-0.300000,5000,0.000200,Almost Exact,106.658,0.223464
2263,7.545905,0.370547,0.724420,-0.300000,1000,0.001000,Euler,2.362,0.225986
2264,7.545905,0.370547,0.724420,-0.300000,1000,0.001000,Almost Exact,23.027,0.222157
2265,7.545905,0.370547,0.724420,-0.300000,300,0.003333,Euler,0.807,0.225245
2266,7.545905,0.370547,0.724420,-0.300000,300,0.003333,Almost Exact,6.942,0.225066
2267,7.545905,0.370547,0.724420,-0.300000,100,0.010000,Euler,0.244,0.224880
2268,7.545905,0.370547,0.724420,-0.300000,100,0.010000,Almost Exact,3.841,0.228275
2269,7.545905,0.370547,0.724420,-0.300000,60,0.016667,Euler,0.162,0.225301
2270,7.545905,0.370547,0.724420,-0.300000,60,0.016667,Almost Exact,2.971,0.228194
2271,7.545905,0.370547,0.724420,-0.300000,30,0.033333,Euler,0.090,0.225662
2272,7.545905,0.370547,0.724420,-0.300000,30,0.033333,Almost Exact,1.082,0.232975
2273,7.545905,0.370547,0.724420,0.000000,100000,0.000010,Euler,270.235,0.227309
2274,7.545905,0.370547,0.724420,0.000000,100000,0.000010,Almost Exact,1229.768,0.227759
2275,7.545905,0.370547,0.724420,0.000000,10000,0.000100,Euler,24.432,0.226783
2276,7.545905,0.370547,0.724420,0.000000,10000,0.000100,Almost Exact,131.841,0.226943
2277,7.545905,0.370547,0.724420,0.000000,5000,0.000200,Euler,13.382,0.227554
2278,7.545905,0.370547,0.724420,0.000000,5000,0.000200,Almost Exact,106.385,0.225816
2279,7.545905,0.370547,0.724420,0.000000,1000,0.001000,Euler,2.333,0.227854
2280,7.545905,0.370547,0.724420,0.000000,1000,0.001000,Almost Exact,22.904,0.228696
2281,7.545905,0.370547,0.724420,0.000000,300,0.003333,Euler,0.866,0.227041
2282,7.545905,0.370547,0.724420,0.000000,300,0.003333,Almost Exact,6.936,0.227021
2283,7.545905,0.370547,0.724420,0.000000,100,0.010000,Euler,0.256,0.228175
2284,7.545905,0.370547,0.724420,0.000000,100,0.010000,Almost Exact,3.812,0.226091
2285,7.545905,0.370547,0.724420,0.000000,60,0.016667,Euler,0.166,0.229194
2286,7.545905,0.370547,0.724420,0.000000,60,0.016667,Almost Exact,2.964,0.225323
2287,7.545905,0.370547,0.724420,0.000000,30,0.033333,Euler,0.091,0.229114
2288,7.545905,0.370547,0.724420,0.000000,30,0.033333,Almost Exact,1.079,0.223443
2289,7.545905,0.370547,0.724420,0.300000,100000,0.000010,Euler,270.668,0.227398
2290,7.545905,0.370547,0.724420,0.300000,100000,0.000010,Almost Exact,1230.044,0.231105
2291,7.545905,0.370547,0.724420,0.300000,10000,0.000100,Euler,24.512,0.227585
2292,7.545905,0.370547,0.724420,0.300000,10000,0.000100,Almost Exact,132.565,0.226505
2293,7.545905,0.370547,0.724420,0.300000,5000,0.000200,Euler,13.521,0.228049
2294,7.545905,0.370547,0.724420,0.300000,5000,0.000200,Almost Exact,114.471,0.230333
2295,7.545905,0.370547,0.724420,0.300000,1000,0.001000,Euler,2.334,0.227884
2296,7.545905,0.370547,0.724420,0.300000,1000,0.001000,Almost Exact,22.913,0.234686
2297,7.545905,0.370547,0.724420,0.300000,300,0.003333,Euler,0.758,0.228189
2298,7.545905,0.370547,0.724420,0.300000,300,0.003333,Almost Exact,6.910,0.226721
2299,7.545905,0.370547,0.724420,0.300000,100,0.010000,Euler,0.242,0.228436
2300,7.545905,0.370547,0.724420,0.300000,100,0.010000,Almost Exact,3.839,0.225605
2301,7.545905,0.370547,0.724420,0.300000,60,0.016667,Euler,0.162,0.229541
2302,7.545905,0.370547,0.724420,0.300000,60,0.016667,Almost Exact,2.955,0.222097
2303,7.545905,0.370547,0.724420,0.300000,30,0.033333,Euler,0.092,0.229343
2304,7.545905,0.370547,0.724420,0.300000,30,0.033333,Almost Exact,1.072,0.217376
2305,7.545905,0.370547,0.724420,0.700000,100000,0.000010,Euler,254.190,0.229154
2306,7.545905,0.370547,0.724420,0.700000,100000,0.000010,Almost Exact,1230.225,0.230004
2307,7.545905,0.370547,0.724420,0.700000,10000,0.000100,Euler,25.986,0.228959
2308,7.545905,0.370547,0.724420,0.700000,10000,0.000100,Almost Exact,131.977,0.229410
2309,7.545905,0.370547,0.724420,0.700000,5000,0.000200,Euler,14.212,0.229776
2310,7.545905,0.370547,0.724420,0.700000,5000,0.000200,Almost Exact,113.754,0.232416
2311,7.545905,0.370547,0.724420,0.700000,1000,0.001000,Euler,2.300,0.231733
2312,7.545905,0.370547,0.724420,0.700000,1000,0.001000,Almost Exact,23.344,0.243681
2313,7.545905,0.370547,0.724420,0.700000,300,0.003333,Euler,0.769,0.230212
2314,7.545905,0.370547,0.724420,0.700000,300,0.003333,Almost Exact,6.911,0.228335
2315,7.545905,0.370547,0.724420,0.700000,100,0.010000,Euler,0.256,0.230556
2316,7.545905,0.370547,0.724420,0.700000,100,0.010000,Almost Exact,3.825,0.221218
2317,7.545905,0.370547,0.724420,0.700000,60,0.016667,Euler,0.159,0.231763
2318,7.545905,0.370547,0.724420,0.700000,60,0.016667,Almost Exact,2.947,0.219293
2319,7.545905,0.370547,0.724420,0.700000,30,0.033333,Euler,0.092,0.232329
2320,7.545905,0.370547,0.724420,0.700000,30,0.033333,Almost Exact,1.069,0.207743
2321,7.803892,0.032453,0.428212,-0.700000,100000,0.000010,Euler,271.054,0.079136
2322,7.803892,0.032453,0.428212,-0.700000,100000,0.000010,Almost Exact,1342.977,0.079427
2323,7.803892,0.032453,0.428212,-0.700000,10000,0.000100,Euler,25.989,0.079373
2324,7.803892,0.032453,0.428212,-0.700000,10000,0.000100,Almost Exact,262.377,0.071775
2325,7.803892,0.032453,0.428212,-0.700000,5000,0.000200,Euler,13.804,0.079283
2326,7.803892,0.032453,0.428212,-0.700000,5000,0.000200,Almost Exact,135.295,0.071769
2327,7.803892,0.032453,0.428212,-0.700000,1000,0.001000,Euler,2.323,0.079122
2328,7.803892,0.032453,0.428212,-0.700000,1000,0.001000,Almost Exact,30.802,0.078581
2329,7.803892,0.032453,0.428212,-0.700000,300,0.003333,Euler,0.817,0.078943
2330,7.803892,0.032453,0.428212,-0.700000,300,0.003333,Almost Exact,13.552,0.078134
2331,7.803892,0.032453,0.428212,-0.700000,100,0.010000,Euler,0.243,0.078898
2332,7.803892,0.032453,0.428212,-0.700000,100,0.010000,Almost Exact,4.385,0.076567
2333,7.803892,0.032453,0.428212,-0.700000,60,0.016667,Euler,0.162,0.079476
2334,7.803892,0.032453,0.428212,-0.700000,60,0.016667,Almost Exact,2.079,0.074839
2335,7.803892,0.032453,0.428212,-0.700000,30,0.033333,Euler,0.093,0.079497
2336,7.803892,0.032453,0.428212,-0.700000,30,0.033333,Almost Exact,0.688,0.070723
2337,7.803892,0.032453,0.428212,-0.300000,100000,0.000010,Euler,270.837,0.079504
2338,7.803892,0.032453,0.428212,-0.300000,100000,0.000010,Almost Exact,1351.198,0.079844
2339,7.803892,0.032453,0.428212,-0.300000,10000,0.000100,Euler,25.969,0.080043
2340,7.803892,0.032453,0.428212,-0.300000,10000,0.000100,Almost Exact,262.054,0.077142
2341,7.803892,0.032453,0.428212,-0.300000,5000,0.000200,Euler,14.612,0.080267
2342,7.803892,0.032453,0.428212,-0.300000,5000,0.000200,Almost Exact,135.219,0.076984
2343,7.803892,0.032453,0.428212,-0.300000,1000,0.001000,Euler,2.239,0.079758
2344,7.803892,0.032453,0.428212,-0.300000,1000,0.001000,Almost Exact,30.612,0.079688
2345,7.803892,0.032453,0.428212,-0.300000,300,0.003333,Euler,0.817,0.079507
2346,7.803892,0.032453,0.428212,-0.300000,300,0.003333,Almost Exact,13.550,0.079212
2347,7.803892,0.032453,0.428212,-0.300000,100,0.010000,Euler,0.252,0.080020
2348,7.803892,0.032453,0.428212,-0.300000,100,0.010000,Almost Exact,4.390,0.078859
2349,7.803892,0.032453,0.428212,-0.300000,60,0.016667,Euler,0.163,0.080001
2350,7.803892,0.032453,0.428212,-0.300000,60,0.016667,Almost Exact,2.188,0.078609
2351,7.803892,0.032453,0.428212,-0.300000,30,0.033333,Euler,0.093,0.079711
2352,7.803892,0.032453,0.428212,-0.300000,30,0.033333,Almost Exact,0.682,0.077252
2353,7.803892,0.032453,0.428212,0.000000,100000,0.000010,Euler,270.532,0.080778
2354,7.803892,0.032453,0.428212,0.000000,100000,0.000010,Almost Exact,1344.751,0.079822
2355,7.803892,0.032453,0.428212,0.000000,10000,0.000100,Euler,25.990,0.080159
2356,7.803892,0.032453,0.428212,0.000000,10000,0.000100,Almost Exact,262.148,0.080997
2357,7.803892,0.032453,0.428212,0.000000,5000,0.000200,Euler,13.808,0.080288
2358,7.803892,0.032453,0.428212,0.000000,5000,0.000200,Almost Exact,135.075,0.081391
2359,7.803892,0.032453,0.428212,0.000000,1000,0.001000,Euler,2.324,0.080113
2360,7.803892,0.032453,0.428212,0.000000,1000,0.001000,Almost Exact,32.303,0.080338
2361,7.803892,0.032453,0.428212,0.000000,300,0.003333,Euler,0.812,0.080483
2362,7.803892,0.032453,0.428212,0.000000,300,0.003333,Almost Exact,13.566,0.080386
2363,7.803892,0.032453,0.428212,0.000000,100,0.010000,Euler,0.256,0.080207
2364,7.803892,0.032453,0.428212,0.000000,100,0.010000,Almost Exact,4.659,0.080204
2365,7.803892,0.032453,0.428212,0.000000,60,0.016667,Euler,0.162,0.080269
2366,7.803892,0.032453,0.428212,0.000000,60,0.016667,Almost Exact,2.085,0.080331
2367,7.803892,0.032453,0.428212,0.000000,30,0.033333,Euler,0.094,0.080164
2368,7.803892,0.032453,0.428212,0.000000,30,0.033333,Almost Exact,0.689,0.081413
2369,7.803892,0.032453,0.428212,0.300000,100000,0.000010,Euler,270.492,0.080110
2370,7.803892,0.032453,0.428212,0.300000,100000,0.000010,Almost Exact,1341.610,0.080513
2371,7.803892,0.032453,0.428212,0.300000,10000,0.000100,Euler,25.969,0.079848
2372,7.803892,0.032453,0.428212,0.300000,10000,0.000100,Almost Exact,262.261,0.084328
2373,7.803892,0.032453,0.428212,0.300000,5000,0.000200,Euler,13.001,0.080243
2374,7.803892,0.032453,0.428212,0.300000,5000,0.000200,Almost Exact,143.402,0.085924
2375,7.803892,0.032453,0.428212,0.300000,1000,0.001000,Euler,2.328,0.080455
2376,7.803892,0.032453,0.428212,0.300000,1000,0.001000,Almost Exact,32.060,0.081258
2377,7.803892,0.032453,0.428212,0.300000,300,0.003333,Euler,0.765,0.080434
2378,7.803892,0.032453,0.428212,0.300000,300,0.003333,Almost Exact,13.560,0.081750
2379,7.803892,0.032453,0.428212,0.300000,100,0.010000,Euler,0.252,0.080706
2380,7.803892,0.032453,0.428212,0.300000,100,0.010000,Almost Exact,4.390,0.081621
2381,7.803892,0.032453,0.428212,0.300000,60,0.016667,Euler,0.164,0.080454
2382,7.803892,0.032453,0.428212,0.300000,60,0.016667,Almost Exact,2.083,0.081999
2383,7.803892,0.032453,0.428212,0.300000,30,0.033333,Euler,0.095,0.080152
2384,7.803892,0.032453,0.428212,0.300000,30,0.033333,Almost Exact,0.686,0.084783
2385,7.803892,0.032453,0.428212,0.700000,100000,0.000010,Euler,253.873,0.080082
2386,7.803892,0.032453,0.428212,0.700000,100000,0.000010,Almost Exact,1346.264,0.079874
2387,7.803892,0.032453,0.428212,0.700000,10000,0.000100,Euler,25.978,0.080520
2388,7.803892,0.032453,0.428212,0.700000,10000,0.000100,Almost Exact,262.091,0.087198
2389,7.803892,0.032453,0.428212,0.700000,5000,0.000200,Euler,13.009,0.080006
2390,7.803892,0.032453,0.428212,0.700000,5000,0.000200,Almost Exact,135.059,0.091112
2391,7.803892,0.032453,0.428212,0.700000,1000,0.001000,Euler,2.319,0.080257
2392,7.803892,0.032453,0.428212,0.700000,1000,0.001000,Almost Exact,30.562,0.082359
2393,7.803892,0.032453,0.428212,0.700000,300,0.003333,Euler,0.815,0.080242
2394,7.803892,0.032453,0.428212,0.700000,300,0.003333,Almost Exact,14.408,0.081439
2395,7.803892,0.032453,0.428212,0.700000,100,0.010000,Euler,0.250,0.081044
2396,7.803892,0.032453,0.428212,0.700000,100,0.010000,Almost Exact,4.667,0.082711
2397,7.803892,0.032453,0.428212,0.700000,60,0.016667,Euler,0.161,0.081031
2398,7.803892,0.032453,0.428212,0.700000,60,0.016667,Almost Exact,2.089,0.084515
2399,7.803892,0.032453,0.428212,0.700000,30,0.033333,Euler,0.093,0.080645
2400,7.803892,0.032453,0.428212,0.700000,30,0.033333,Almost Exact,0.688,0.088525
